,代码,名称
0,300157,恒泰艾普
1,300483,首华燃气
2,300204,舒泰神
3,300397,天和防务
4,300084,海默科技
5,300722,新余国科
6,300164,通源石油
7,300878,维康药业
8,688221,前沿生物-U
9,300191,潜能恒信
10,300581,晨曦航空
11,300064,*ST金刚
12,300008,天海防务
13,600575,淮河能源
14,17,深中华A
15,2781,奇信股份
16,659,珠海中富
17,595,宝塔实业
18,2644,佛慈制药
19,2231,奥维通信
20,2207,准油股份
21,2811,郑中设计
22,2354,天娱数科
23,815,美利云
24,600860,京城股份
25,601069,西部黄金
26,603215,比依股份
27,3007,直真科技
28,2155,湖南黄金
29,1313,粤海饲料
30,603912,佳力图
31,603122,合富中国
32,600396,金山股份
33,2828,贝肯能源
34,2716,金贵银业
35,603132,金徽股份
36,605580,恒盛能源
37,2725,跃岭股份
38,2822,中装建设
39,605122,四方新材
40,2825,纳尔股份
41,600996,贵广网络
42,601789,宁波建工
43,2665,首航高科
44,2629,仁智股份
45,600982,宁波能源
46,554,泰山石油
47,600824,益民集团
48,871642,通易航天
49,2758,浙农股份
50,600557,康缘药业
51,300159,新研股份
52,301213,观想科技
53,300922,天秦装备
54,300108,吉药控股
55,600759,洲际油气
56,688,国城矿业
57,601808,中海油服
58,831010,凯添燃气
59,600916,中国黄金
60,300521,爱司凯
61,603393,新天然气
62,301158,德石股份
63,603619,中曼石油
64,968,蓝焰控股
65,605169,洪通燃气
66,600489,中金黄金
67,603266,天龙股份
68,300519,新光药业
69,601952,苏垦农发
70,3042,中农联合
71,300317,珈伟新能
72,600127,金健米业
73,600333,长春燃气
74,600113,浙江东日
75,600547,山东黄金
76,600243,青海华鼎
77,603318,水发燃气
78,300589,江龙船艇
79,2554,惠博普
80,600988,赤峰黄金
81,2265,西仪股份
82,300527,中船应急
83,603027,千禾味业
84,300943,春晖智控
85,300719,安达维尔
86,603767,中马传动
87,832566,梓橦宫
88,601606,长城军工
89,603045,福达合金
90,2309,中利集团
91,633,合金投资
92,2377,国创高新
93,2237,恒邦股份
94,300539,横河精密
95,603353,和顺石油
96,300260,新莱应材
97,893,亚钾国际
98,300314,戴维医疗
99,2992,宝明科技
100,970,中科三环
101,603887,城地香江
102,2490,山东墨龙
103,2577,雷柏科技
104,300149,睿智医药
105,600316,洪都航空
106,603727,博迈科
107,603169,兰石重装
108,300446,*ST乐材
109,605333,沪光股份
110,859,国风新材
111,975,银泰黄金
112,688071,华依科技
113,3003,天元股份
114,603906,龙蟠科技
115,3009,中天火箭
116,600903,贵州燃气
117,2150,通润装备
118,600343,航天动力
119,600435,北方导航
120,688516,奥特维
121,2943,宇晶股份
122,600734,*ST实达
123,852,石化机械
124,835,*ST长动
125,300985,致远新能
126,2323,*ST雅博
127,2971,和远气体
128,2151,北斗星通
129,600695,*ST绿庭
130,600078,*ST澄星
131,2767,先锋电子
132,587,*ST金洲
133,687,*ST华讯
134,600764,中国海防
135,600856,*ST中天
136,600256,广汇能源
137,688686,奥普特
138,300945,曼卡龙
139,585,*ST东电
140,603121,华培动力
141,600083,*ST博信
142,600777,新潮能源
143,300809,华辰装备
144,603078,江化微
145,688268,华特气体
146,603322,ST超讯
147,600339,中油工程
148,300900,广联航空
149,600598,北大荒
150,2101,广东鸿图
151,603128,华贸物流
152,603017,中衡设计
153,2534,西子洁能
154,603213,镇洋发展
155,2545,东方铁塔
156,600112,*ST天成
157,300139,晓程科技
158,600091,*ST明科
159,3038,鑫铂股份
160,300497,富祥药业
161,300965,恒宇信通
162,601857,中国石油
163,300414,中光防雷
164,2413,雷科防务
165,600871,石化油服
166,300330,华虹计通
167,688011,新光光电
168,300839,博汇股份
169,807,云铝股份
170,600760,中航沈飞
171,301129,瑞纳智能
172,300946,恒而达
173,301091,深城交
174,688367,工大高科
175,600685,中船防务
176,603558,健盛集团
177,603918,金桥信息
178,506,中润资源
179,300274,阳光电源
180,519,中兵红箭
181,2996,顺博合金
182,603679,华体科技
183,159,国际实业
184,300724,捷佳伟创
185,300557,理工光科
186,2353,杰瑞股份
187,603185,上机数控
188,688599,天合光能
189,300810,中科海讯
190,300600,国瑞科技
191,300751,迈为股份
192,300181,佐力药业
193,2557,洽洽食品
194,300474,景嘉微
195,1205,盛航股份
196,600202,哈空调
197,300101,振芯科技
198,600148,长春一东
199,300026,红日药业
200,300545,联得装备
201,96,广聚能源
202,2977,天箭科技
203,3022,联泓新科
204,19,深粮控股
205,300746,汉嘉设计
206,875,吉电股份
207,300435,中泰股份
208,300629,新劲刚
209,300163,先锋新材
210,688355,明志科技
211,600671,ST目药
212,600807,济南高新
213,688272,富吉瑞
214,300424,航新科技
215,301050,雷电微力
216,603,盛达资源
217,300395,菲利华
218,603056,德邦股份
219,601020,ST华钰
220,300402,宝色股份
221,2489,浙江永强
222,300472,新元科技
223,600769,祥龙电业
224,2267,陕天然气
225,2976,瑞玛精密
226,600688,上海石化
227,713,丰乐种业
228,600876,洛阳玻璃
229,600749,西藏旅游
230,600141,兴发集团
231,738,航发控制
232,600698,湖南天雁
233,688180,君实生物-U
234,600583,海油工程
235,300609,汇纳科技
236,601212,白银有色
237,2317,众生药业
238,2893,华通热力
239,603387,基蛋生物
240,637,茂化实华
241,300553,集智股份
242,688511,天微电子
243,999,华润三九
244,601019,山东出版
245,605599,菜百股份
246,688151,华强科技
247,600629,华建集团
248,603908,牧高笛
249,600151,航天机电
250,600968,海油发展
251,600521,华海药业
252,688622,禾信仪器
253,688305,科德数控
254,603535,嘉诚国际
255,2860,星帅尔
256,300875,捷强装备
257,601139,深圳燃气
258,600956,新天绿能
259,300873,海晨股份
260,605090,九丰能源
261,300436,广生堂
262,767,晋控电力
263,300516,久之洋
264,603970,中农立华
265,603260,合盛硅业
266,301058,中粮工科
267,603638,艾迪精密
268,2721,金一文化
269,688187,时代电气
270,300175,朗源股份
271,768,中航西飞
272,300123,亚光科技
273,600039,四川路桥
274,600746,江苏索普
275,600351,亚宝药业
276,600118,中国卫星
277,600531,豫光金铅
278,688678,福立旺
279,600212,江泉实业
280,600617,国新能源
281,2617,露笑科技
282,603396,金辰股份
283,603822,嘉澳环保
284,300412,迦南科技
285,603801,志邦家居
286,300034,钢研高纳
287,2248,华东数控
288,2389,航天彩虹
289,688099,晶晨股份
290,2297,博云新材
291,300235,方直科技
292,600540,新赛股份
293,546,金圆股份
294,752,*ST西发
295,605368,蓝天燃气
296,600311,ST荣华
297,2728,特一药业
298,300118,东方日升
299,603080,新疆火炬
300,300332,天壕环境
301,2165,红 宝 丽
302,688196,卓越新能
303,601798,蓝科高新
304,407,胜利股份
305,603076,乐惠国际
306,301111,粤万年青
307,301007,德迈仕
308,300053,欧比特
309,300588,熙菱信息
310,603568,伟明环保
311,2942,新农股份
312,300276,三丰智能
313,603650,彤程新材
314,600862,中航高科
315,600681,百川能源
316,600612,老凤祥
317,300087,荃银高科
318,603335,迪生力
319,600577,精达股份
320,600917,重庆燃气
321,300847,中船汉光
322,300971,博亚精工
323,300341,麦克奥迪
324,603105,芯能科技
325,300233,金城医药
326,603806,福斯特
327,2610,爱康科技
328,688617,惠泰医疗
329,603577,汇金通
330,600145,*ST新亿
331,300647,超频三
332,600884,杉杉股份
333,603351,威尔药业
334,600490,鹏欣资源
335,2325,洪涛股份
336,601799,星宇股份
337,300161,华中数控
338,985,大庆华科
339,600879,航天电子
340,2986,宇新股份
341,300138,晨光生物
342,791,甘肃电投
343,600391,航发科技
344,300171,东富龙
345,688685,迈信林
346,300275,梅安森
347,2278,神开股份
348,688223,晶科能源
349,816,智慧农业
350,505,京粮控股
351,688136,科兴制药
352,2270,华明装备
353,605016,百龙创园
354,300500,启迪设计
355,300855,图南股份
356,2682,龙洲股份
357,2778,中晟高科
358,601600,中国铝业
359,2188,*ST巴士
360,2532,天山铝业
361,600893,航发动力
362,600251,冠农股份
363,600188,兖矿能源
364,2574,明牌珠宝
365,603689,皖天然气
366,301099,雅创电子
367,534,万泽股份
368,603238,诺邦股份
369,603690,至纯科技
370,688062,迈威生物-U
371,2459,晶澳科技
372,688081,兴图新科
373,2838,道恩股份
374,547,航天发展
375,603726,朗迪集团
376,2639,雪人股份
377,2625,光启技术
378,301020,密封科技
379,600072,中船科技
380,300692,中环环保
381,688301,奕瑞科技
382,2049,紫光国微
383,300593,新雷能
384,688800,瑞可达
385,600371,万向德农
386,2499,*ST科林
387,600026,中远海能
388,601890,亚星锚链
389,603036,如通股份
390,600267,海正药业
391,2684,*ST猛狮
392,600372,中航电子
393,300666,江丰电子
394,603063,禾望电气
395,601698,中国卫通
396,600184,光电股份
397,2338,奥普光电
398,601012,隆基股份
399,300769,德方纳米
400,300630,普利制药
401,300407,凯发电气
402,2132,恒星科技
403,688680,海优新材
404,688189,南新制药
405,600520,文一科技
406,600190,锦州港
407,688239,航宇科技
408,600976,健民集团
409,688116,天奈科技
410,300808,久量股份
411,600028,中国石化
412,300471,厚普股份
413,576,甘化科工
414,600385,*ST金泰
415,688733,壹石通
416,2041,登海种业
417,600510,黑牡丹
418,603127,昭衍新药
419,603297,永新光学
420,300633,开立医疗
421,603519,立霸股份
422,603305,旭升股份
423,600460,士兰微
424,593,德龙汇能
425,300518,盛讯达
426,300984,金沃股份
427,600459,贵研铂业
428,2606,大连电瓷
429,600766,*ST园城
430,930,中粮科技
431,2759,天际股份
432,2190,成飞集成
433,300490,华自科技
434,2175,*ST东网
435,2232,启明信息
436,688799,华纳药厂
437,603706,东方环宇
438,688023,安恒信息
439,600768,宁波富邦
440,300179,四方达
441,600596,新安股份
442,661,长春高新
443,300415,伊之密
444,503,国新健康
445,600966,博汇纸业
446,688385,复旦微电
447,600150,中国船舶
448,605186,健麾信息
449,600192,长城电工
450,300733,西菱动力
451,605358,立昂微
452,603868,飞科电器
453,803,北清环能
454,601865,福莱特
455,605208,永茂泰
456,603032,*ST德新
457,2749,国光股份
458,1896,豫能控股
459,600482,中国动力
460,2735,王子新材
461,600313,农发种业
462,600405,动力源
463,300325,*ST德威
464,300829,金丹科技
465,301108,洁雅股份
466,2821,凯莱英
467,300486,东杰智能
468,300540,深冷股份
469,591,太阳能
470,818,航锦科技
471,688390,固德威
472,561,烽火电子
473,600967,内蒙一机
474,300488,恒锋工具
475,993,闽东电力
476,2149,西部材料
477,301071,力量钻石
478,600378,昊华科技
479,2849,威星智能
480,688032,禾迈股份
481,603628,清源股份
482,697,炼石航空
483,933,神火股份
484,600038,中直股份
485,300862,蓝盾光电
486,605111,新洁能
487,300111,向日葵
488,300343,联创股份
489,600090,*ST济堂
490,688303,大全能源
491,2709,天赐材料
492,600855,航天长峰
493,2603,以岭药业
494,688636,智明达
495,600285,羚锐制药
496,600865,百大集团
497,301206,三元生物
498,300048,合康新能
499,688059,华锐精密
500,600108,亚盛集团
501,2179,中航光电
502,688267,中触媒
503,300117,嘉寓股份
504,603800,道森股份
505,300114,中航电测
506,2112,三变科技
507,301068,大地海洋
508,600392,盛和资源
509,2731,萃华珠宝
510,2857,三晖电气
511,600354,敦煌种业
512,603053,成都燃气
513,688670,金迪克
514,300210,森远股份
515,605008,长鸿高科
516,669,ST金鸿
517,600847,万里股份
518,2897,意华股份
519,600021,上海电力
520,600962,国投中鲁
521,601989,中国重工
522,601899,紫金矿业
523,600298,安琪酵母
524,300093,金刚玻璃
525,600555,*ST海创
526,688049,炬芯科技-U
527,2966,苏州银行
528,2050,三花智控
529,2221,东华能源
530,2799,环球印务
531,600857,宁波中百
532,603982,泉峰汽车
533,688105,诺唯赞
534,2890,弘宇股份
535,600366,宁波韵升
536,998,隆平高科
537,300068,南都电源
538,603978,深圳新星
539,600501,航天晨光
540,300748,金力永磁
541,2160,常铝股份
542,301031,中熔电气
543,2715,登云股份
544,2564,天沃科技
545,688037,芯源微
546,861,海印股份
547,603003,龙宇燃油
548,300765,新诺威
549,601179,中国西电
550,300335,迪森股份
551,605377,华旺科技
552,603811,诚意药业
553,600895,张江高科
554,600419,天润乳业
555,603618,杭电股份
556,603839,安正时尚
557,300928,华安鑫创
558,301073,君亭酒店
559,300696,爱乐达
560,837,秦川机床
561,3021,兆威机电
562,2484,江海股份
563,836433,大唐药业
564,960,锡业股份
565,300534,陇神戎发
566,2404,嘉欣丝绸
567,600379,宝光股份
568,300035,中科电气
569,600655,豫园股份
570,300249,依米康
571,688520,神州细胞-U
572,2214,大立科技
573,2189,中光学
574,300228,富瑞特装
575,688737,中自科技
576,2046,国机精工
577,600479,千金药业
578,603858,步长制药
579,601388,怡球资源
580,603439,贵州三力
581,2203,海亮股份
582,2733,雄韬股份
583,832089,禾昌聚合
584,600011,华能国际
585,688665,四方光电
586,688070,纵横股份
587,688122,西部超导
588,300795,*ST米奥
589,600601,ST方科
590,300858,科拓生物
591,300535,达威股份
592,601877,正泰电器
593,833266,生物谷
594,603798,康普顿
595,600236,桂冠电力
596,600409,三友化工
597,403,派林生物
598,600765,中航重机
599,2129,中环股份
600,688077,大地熊
601,603326,我乐家居
602,2549,凯美特气
603,688016,心脉医疗
604,300762,上海瀚讯
605,603067,振华股份
606,600771,广誉远
607,300427,红相股份
608,688697,纽威数控
609,300147,香雪制药
610,300313,ST天山
611,688356,键凯科技
612,533,顺钠股份
613,688176,亚虹医药-U
614,2025,航天电器
615,600359,新农开发
616,908,景峰医药
617,688558,国盛智科
618,2485,雪松发展
619,600120,浙江东方
620,600423,柳化股份
621,766,通化金马
622,600219,南山铝业
623,300393,中来股份
624,603755,日辰股份
625,603197,保隆科技
626,2920,德赛西威
627,2935,天奥电子
628,300681,英搏尔
629,2414,高德红外
630,2082,万邦德
631,603311,金海高科
632,601199,江南水务
633,2927,泰永长征
634,2412,汉森制药
635,48,京基智农
636,788,北大医药
637,601882,海天精工
638,688596,正帆科技
639,600562,国睿科技
640,600888,新疆众和
641,2381,双箭股份
642,300707,威唐工业
643,300568,星源材质
644,2284,亚太股份
645,300327,中颖电子
646,600172,黄河旋风
647,300489,光智科技
648,600422,昆药集团
649,605080,浙江自然
650,300049,福瑞股份
651,688008,澜起科技
652,688408,中信博
653,688186,广大特材
654,603883,老百姓
655,688568,中科星图
656,688190,云路股份
657,688788,科思科技
658,833994,翰博高新
659,833874,泰祥股份
660,832317,观典防务
661,688281,华秦科技
662,688260,昀冢科技
663,688175,高凌信息
664,688163,赛伦生物
665,688131,皓元医药
666,688115,思林杰
667,603997,继峰股份
668,603707,健友股份
669,603209,兴通股份
670,603157,*ST拉夏
671,603070,万控智造
672,601558,退市锐电
673,601299,中国北车
674,601268,*ST二重
675,601168,西部矿业
676,600991,广汽长丰
677,600978,*ST宜生
678,600899,*ST信联
679,600891,退市秋林
680,600878,*ST北科
681,600852,*ST中川
682,600849,上药转换
683,600842,中西药业
684,600840,新湖创业
685,600832,东方明珠
686,600813,ST鞍一工
687,600806,退市昆机
688,600800,渤海化学
689,600799,*ST龙科
690,600788,*ST达曼
691,600786,东方锅炉
692,600784,鲁银投资
693,600772,S*ST龙昌
694,600762,S*ST金荔
695,600752,*ST哈慈
696,600747,退市大控
697,600723,首商股份
698,600719,大连热电
699,600709,ST生态
700,600701,退市工新
701,600700,*ST数码
702,600691,阳煤化工
703,600687,退市刚泰
704,600680,*ST上普
705,600677,*ST航通
706,600672,*ST华圣
707,600670,*ST斯达
708,600669,*ST鞍成
709,600659,*ST花雕
710,600656,退市博元
711,600646,ST国嘉
712,600634,退市富控
713,600632,华联商厦
714,600631,百联股份
715,600627,上电股份
716,600625,PT水仙
717,600614,退市鹏起
718,600607,上实医药
719,600591,*ST上航
720,600553,太行水泥
721,600533,栖霞建设
722,600485,*ST信威
723,600472,包头铝业
724,600432,退市吉恩
725,600401,退市海润
726,600357,承德钒钛
727,600335,国机汽车
728,600327,大东方
729,600317,营口港
730,600296,S兰铝
731,600286,S*ST国瓷
732,600270,外运发展
733,600263,路桥建设
734,600253,天方药业
735,600247,*ST成城
736,600240,退市华业
737,600205,S山东铝
738,600181,S*ST云大
739,600175,退市美都
740,600165,新日恒力
741,600102,莱钢股份
742,600092,S*ST精密
743,600087,退市长油
744,600086,退市金钰
745,600074,退市保千
746,600069,退市银鸽
747,600068,葛洲坝
748,600065,*ST联谊
749,600005,武钢股份
750,600003,ST东北高
751,600002,齐鲁石化
752,600001,邯郸钢铁
753,301236,软通动力
754,301222,浙江恒威
755,301218,华是科技
756,301215,中汽股份
757,301200,大族数控
758,301110,青木股份
759,300510,金冠股份
760,300443,金雷股份
761,300431,暴风退
762,300404,博济医药
763,300372,欣泰退
764,300362,天翔退
765,300266,兴源环境
766,300224,正海磁材
767,300216,千山退
768,300186,大华农
769,300177,中海达
770,300156,神雾退
771,300104,乐视退
772,300090,盛运退
773,300028,金亚退
774,2911,佛燃能源
775,2832,比音勒芬
776,2761,浙江建投
777,2711,欧浦退
778,2701,奥瑞金
779,2680,长生退
780,2619,*ST艾格
781,2604,龙力退
782,2592,ST八菱
783,2509,天茂退
784,2477,雏鹰退
785,2465,海格通信
786,2450,康得退
787,2429,兆驰股份
788,2383,合众思壮
789,2359,北讯退
790,2260,*ST德奥
791,2220,天宝退
792,2143,印纪退
793,2089,ST新海
794,2084,海鸥住工
795,2072,*ST凯瑞
796,2071,长城退
797,2070,众和退
798,2069,獐子岛
799,2023,海特高新
800,2018,华信退
801,2016,世荣兆业
802,2003,伟星股份
803,1266,宏英智能
804,981,*ST银亿
805,979,中弘退
806,956,中原油气
807,939,凯迪退
808,916,华北高速
809,866,扬子石化
810,832,*ST龙涤
811,827,*ST长兴
812,817,辽河油田
813,805,*ST炎黄
814,787,*ST创智
815,780,ST平能
816,769,*ST大菲
817,765,*ST华信
818,763,锦州石化
819,760,斯太退
820,748,长城信息
821,730,*ST环保
822,722,湖南发展
823,699,S*ST佳纸
824,693,华泽退
825,689,ST宏业
826,675,ST银山
827,670,*ST盈方
828,662,天夏退
829,660,*ST南华
830,658,ST海洋
831,653,ST九州
832,630,铜陵有色
833,621,*ST比特
834,618,吉林化工
835,605,渤海股份
836,602,金马集团
837,594,国恒退
838,588,PT粤金曼
839,583,S*ST托普
840,578,盐湖集团
841,569,长城股份
842,562,宏源证券
843,556,PT南洋
844,549,S湘火炬
845,542,TCL通讯
846,535,*ST猴王
847,527,美的电器
848,522,白云山A
849,515,攀渝钛业
850,511,烯碳退
851,508,琼民源A
852,418,小天鹅A
853,412,ST五环
854,406,石油大明
855,405,ST鑫光
856,47,ST中侨
857,33,新都退
858,24,招商地产
859,18,神城A退
860,15,PT中浩A
861,13,*ST石化A
862,3,PT金田A
863,300316,晶盛机电
864,300866,安克创新
865,301193,家联科技
866,601088,中国神华
867,300041,回天新材
868,688682,霍莱沃
869,300573,兴齐眼药
870,603392,万泰生物
871,300709,精研科技
872,2556,辉隆股份
873,2812,恩捷股份
874,2637,赞宇科技
875,688179,阿拉丁
876,688157,松井股份
877,603399,吉翔股份
878,600211,西藏药业
879,600080,金花股份
880,603290,斯达半导
881,688005,容百科技
882,963,华东医药
883,603939,益丰药房
884,601958,金钼股份
885,300778,新城市
886,600098,广州发展
887,600129,太极集团
888,600318,新力金融
889,600803,新奥股份
890,2817,黄山胶囊
891,603520,司太立
892,300671,富满微
893,3031,中瓷电子
894,688086,紫晶存储
895,502,*ST绿景
896,603733,仙鹤股份
897,958,东方能源
898,2476,宝莫股份
899,603717,天域生态
900,600745,闻泰科技
901,605166,聚合顺
902,2371,北方华创
903,2028,思源电气
904,688556,高测股份
905,1979,招商蛇口
906,603066,音飞储存
907,300189,神农科技
908,600985,淮北矿业
909,12,南  玻Ａ
910,300426,唐德影视
911,2884,凌霄泵业
912,601028,玉龙股份
913,300726,宏达电子
914,2700,ST浩源
915,663,永安林业
916,600732,爱旭股份
917,600213,亚星客车
918,601225,陕西煤业
919,2829,星网宇达
920,688002,睿创微纳
921,688660,电气风电
922,2119,康强电子
923,300554,三超新材
924,300452,山河药辅
925,2102,ST冠福
926,601366,利群股份
927,688296,和达科技
928,688508,芯朋微
929,300759,康龙化成
930,600811,东方集团
931,603662,柯力传感
932,603129,春风动力
933,300447,全信股份
934,2034,旺能环境
935,600563,法拉电子
936,688722,同益中
937,300450,先导智能
938,300208,青岛中程
939,300727,润禾材料
940,603955,大千生态
941,688396,华润微
942,600085,同仁堂
943,300919,中伟股份
944,688707,振华新材-U
945,301076,新瀚新材
946,600486,扬农化工
947,2364,中恒电气
948,688217,睿昂基因
949,600754,锦江酒店
950,300717,华信新材
951,600590,泰豪科技
952,420,吉林化纤
953,2402,和而泰
954,2575,*ST群兴
955,603786,科博达
956,2984,森麒麟
957,688786,悦安新材
958,300661,圣邦股份
959,2930,宏川智慧
960,7,*ST全新
961,603896,寿仙谷
962,2448,中原内配
963,2747,埃斯顿
964,603223,恒通股份
965,2867,周大生
966,2850,科达利
967,600535,天士力
968,688067,爱威科技
969,300775,三角防务
970,2656,ST摩登
971,600363,联创光电
972,603590,康辰药业
973,600456,宝钛股份
974,300243,瑞丰高材
975,300690,双一科技
976,688270,臻镭科技
977,300347,泰格医药
978,300596,利安隆
979,2506,协鑫集成
980,300811,铂科新材
981,2756,永兴材料
982,600029,南方航空
983,605011,杭州热电
984,601898,中煤能源
985,300033,同花顺
986,300124,汇川技术
987,603315,福鞍股份
988,733,振华科技
989,513,丽珠集团
990,300409,道氏技术
991,826,启迪环境
992,600287,江苏舜天
993,601838,成都银行
994,600900,长江电力
995,300252,金信诺
996,603995,甬金股份
997,605162,新中港
998,601001,晋控煤业
999,2533,金杯电工
1000,2167,东方锆业
1001,600566,济川药业
1002,688097,博众精工
1003,300470,中密控股
1004,601872,招商轮船
1005,603177,德创环保
1006,2597,金禾实业
1007,2118,紫鑫药业
1008,2287,奇正藏药
1009,603332,苏州龙杰
1010,600048,保利发展
1011,688257,新锐股份
1012,600483,福能股份
1013,688191,智洋创新
1014,600761,安徽合力
1015,2483,润邦股份
1016,488,晨鸣纸业
1017,300796,贝斯美
1018,301130,C西点
1019,601016,节能风电
1020,300425,中建环能
1021,300763,锦浪科技
1022,2258,利尔化学
1023,603031,安德利
1024,2375,亚厦股份
1025,2746,仙坛股份
1026,301003,江苏博云
1027,300319,麦捷科技
1028,831726,朱老六
1029,911,南宁糖业
1030,690,宝新能源
1031,600383,金地集团
1032,688690,纳微科技
1033,831445,龙竹科技
1034,300752,隆利科技
1035,688550,瑞联新材
1036,703,恒逸石化
1037,300071,*ST嘉信
1038,688269,凯立新材
1039,600635,大众公用
1040,300342,天银机电
1041,600329,中新药业
1042,601166,兴业银行
1043,2283,天润工业
1044,421,南京公用
1045,600306,*ST商城
1046,600885,宏发股份
1047,2295,精艺股份
1048,603348,文灿股份
1049,612,焦作万方
1050,603659,璞泰来
1051,603936,博敏电子
1052,300817,双飞股份
1053,603829,洛凯股份
1054,912,泸天化
1055,2492,恒基达鑫
1056,2246,北化股份
1057,603818,曲美家居
1058,2808,恒久科技
1059,2526,山东矿机
1060,603863,ST松炀
1061,300682,朗新科技
1062,601985,中国核电
1063,688378,奥来德
1064,2012,凯恩股份
1065,300711,广哈通信
1066,2864,盘龙药业
1067,300455,康拓红外
1068,1227,兰州银行
1069,600979,广安爱众
1070,601702,华峰铝业
1071,300853,申昊科技
1072,300045,华力创通
1073,601009,南京银行
1074,518,四环生物
1075,300509,新美星
1076,600980,北矿科技
1077,2332,仙琚制药
1078,2475,立讯精密
1079,300741,华宝股份
1080,300583,赛托生物
1081,301080,百普赛斯
1082,782,美达股份
1083,688768,容知日新
1084,688106,金宏气体
1085,689009,九号公司-WD
1086,600096,云天化
1087,2815,崇达技术
1088,300485,赛升药业
1089,603501,韦尔股份
1090,2906,华阳集团
1091,2469,三维化学
1092,600406,国电南瑞
1093,2294,信立泰
1094,300803,指南针
1095,603599,广信股份
1096,2313,日海智能
1097,2433,太安堂
1098,2936,郑州银行
1099,688113,联测科技
1100,2126,银轮股份
1101,300037,新宙邦
1102,603259,药明康德
1103,600375,汉马科技
1104,688019,安集科技
1105,2843,泰嘉股份
1106,603613,国联股份
1107,300270,中威电子
1108,600546,山煤国际
1109,2288,超华科技
1110,300054,鼎龙股份
1111,603688,石英股份
1112,600237,铜峰电子
1113,601689,拓普集团
1114,600229,城市传媒
1115,2138,顺络电子
1116,603909,合诚股份
1117,603595,东尼电子
1118,603916,苏博特
1119,600160,巨化股份
1120,60,中金岭南
1121,712,锦龙股份
1122,2895,川恒股份
1123,300503,昊志机电
1124,688538,和辉光电-U
1125,3018,金富科技
1126,300667,必创科技
1127,605117,德业股份
1128,300761,立华股份
1129,603998,方盛制药
1130,300938,信测标准
1131,301188,力诺特玻
1132,2645,华宏科技
1133,830832,齐鲁华信
1134,1289,龙源电力
1135,603035,常熟汽饰
1136,723,美锦能源
1137,301063,海锅股份
1138,300851,交大思诺
1139,2880,卫光生物
1140,688026,洁特生物
1141,2340,格林美
1142,300083,创世纪
1143,600258,首旅酒店
1144,603712,七一二
1145,300265,通光线缆
1146,688698,伟创电气
1147,688611,杭州柯林
1148,600615,*ST丰华
1149,2120,韵达股份
1150,600183,生益科技
1151,2696,百洋股份
1152,2464,*ST众应
1153,603565,中谷物流
1154,2810,山东赫达
1155,2718,友邦吊顶
1156,600115,中国东航
1157,2056,横店东磁
1158,600023,浙能电力
1159,603269,海鸥股份
1160,600469,风神股份
1161,2512,达华智能
1162,688571,杭华股份
1163,603165,荣晟环保
1164,601169,北京银行
1165,2578,闽发铝业
1166,300312,*ST邦讯
1167,2409,雅克科技
1168,600645,中源协和
1169,600233,圆通速递
1170,605180,华生科技
1171,603681,永冠新材
1172,300591,万里马
1173,600990,四创电子
1174,300835,龙磁科技
1175,600725,云维股份
1176,600377,宁沪高速
1177,2244,滨江集团
1178,688262,国芯科技
1179,2668,ST奥马
1180,603308,应流股份
1181,688018,乐鑫科技
1182,603380,易德龙
1183,300102,乾照光电
1184,688076,诺泰生物
1185,688010,福光股份
1186,603566,普莱柯
1187,2802,洪汇新材
1188,2060,粤 水 电
1189,688006,杭可科技
1190,300059,东方财富
1191,300694,蠡湖股份
1192,300930,屹通新材
1193,2107,沃华医药
1194,600696,岩石股份
1195,423,东阿阿胶
1196,688259,创耀科技
1197,600731,湖南海利
1198,2218,拓日新能
1199,301061,匠心家居
1200,601666,平煤股份
1201,600387,ST海越
1202,603041,美思德
1203,2698,博实股份
1204,833509,同惠电子
1205,300003,乐普医疗
1206,300514,友讯达
1207,836892,广咨国际
1208,688192,迪哲医药-U
1209,600791,京能置业
1210,603893,瑞芯微
1211,300141,和顺电气
1212,300217,东方电热
1213,603682,锦和商业
1214,600000,浦发银行
1215,688278,特宝生物
1216,600955,维远股份
1217,601818,光大银行
1218,603966,法兰泰克
1219,2933,新兴装备
1220,629,攀钢钒钛
1221,601021,春秋航空
1222,300129,泰胜风能
1223,300777,中简科技
1224,2651,利君股份
1225,601825,沪农商行
1226,35,中国天楹
1227,601728,中国电信
1228,601128,常熟银行
1229,2975,博杰股份
1230,300080,易成新能
1231,300735,光弘科技
1232,31,大悦城
1233,600726,华电能源
1234,605100,华丰股份
1235,2213,大为股份
1236,601619,嘉泽新能
1237,600500,中化国际
1238,300016,北陆药业
1239,600729,重庆百货
1240,300627,华测导航
1241,2379,宏创控股
1242,300381,溢多利
1243,301005,超捷股份
1244,301051,信濠光电
1245,600875,东方电气
1246,601138,工业富联
1247,300758,七彩化学
1248,2826,易明医药
1249,2019,亿帆医药
1250,688229,博睿数据
1251,300484,蓝海华腾
1252,600513,联环药业
1253,601233,桐昆股份
1254,688683,莱尔科技
1255,523,*ST浪奇
1256,601077,渝农商行
1257,600376,首开股份
1258,688087,英科再生
1259,601778,晶科科技
1260,605028,世茂能源
1261,600016,民生银行
1262,600675,中华企业
1263,600332,白云山
1264,2511,中顺洁柔
1265,300322,硕贝德
1266,603917,合力科技
1267,688036,传音控股
1268,688299,长阳科技
1269,639,西王食品
1270,2013,中航机电
1271,603948,建业股份
1272,600958,东方证券
1273,683,远兴能源
1274,605138,盛泰集团
1275,1201,东瑞股份
1276,603860,中公高科
1277,300828,锐新科技
1278,603288,海天味业
1279,603886,元祖股份
1280,688218,江苏北人
1281,600886,国投电力
1282,600099,林海股份
1283,600663,陆家嘴
1284,300963,中洲特材
1285,600177,雅戈尔
1286,603527,众源新材
1287,600262,北方股份
1288,603859,能科科技
1289,601288,农业银行
1290,601098,中南传媒
1291,300628,亿联网络
1292,600257,大湖股份
1293,678,襄阳轴承
1294,2478,常宝股份
1295,2128,电投能源
1296,605266,健之佳
1297,300636,同和药业
1298,603379,三美股份
1299,2742,三圣股份
1300,603713,密尔克卫
1301,300888,稳健医疗
1302,600648,外高桥
1303,300565,科信技术
1304,2038,双鹭药业
1305,605199,葫芦娃
1306,600395,盘江股份
1307,300842,帝科股份
1308,3816,中国广核
1309,832735,德源药业
1310,2868,绿康生化
1311,688513,苑东生物
1312,300780,德恩精工
1313,603993,洛阳钼业
1314,603876,鼎胜新材
1315,3043,华亚智能
1316,151,中成股份
1317,2907,华森制药
1318,603500,祥和实业
1319,603218,日月股份
1320,601117,中国化学
1321,600505,西昌电力
1322,2322,理工能科
1323,27,深圳能源
1324,300305,裕兴股份
1325,2688,金河生物
1326,2685,华东重机
1327,600928,西安银行
1328,430418,苏轴股份
1329,603698,航天工程
1330,688058,宝兰德
1331,601229,上海银行
1332,601111,中国国航
1333,603722,阿科力
1334,832885,星辰科技
1335,603203,快克股份
1336,603986,兆易创新
1337,2422,科伦药业
1338,300135,宝利国际
1339,600426,华鲁恒升
1340,600084,*ST中葡
1341,603665,康隆达
1342,553,安道麦A
1343,731,四川美丰
1344,600207,安彩高科
1345,2541,鸿路钢构
1346,2714,牧原股份
1347,2507,涪陵榨菜
1348,300801,泰和科技
1349,688188,柏楚电子
1350,601916,浙商银行
1351,603368,柳药股份
1352,300561,汇金科技
1353,600582,天地科技
1354,2259,ST升达
1355,600829,人民同泰
1356,600798,宁波海运
1357,2272,川润股份
1358,300411,金盾股份
1359,688388,嘉元科技
1360,426,兴业矿业
1361,597,东北制药
1362,600836,上海易连
1363,603112,华翔股份
1364,601006,大秦铁路
1365,300491,通合科技
1366,2978,安宁股份
1367,836675,秉扬科技
1368,601939,建设银行
1369,2039,黔源电力
1370,792,盐湖股份
1371,688308,欧科亿
1372,601398,工商银行
1373,2661,克明食品
1374,600331,宏达股份
1375,300910,瑞丰新材
1376,2689,远大智能
1377,301035,润丰股份
1378,2765,蓝黛科技
1379,301177,迪阿股份
1380,2643,万润股份
1381,600182,SST佳通
1382,600600,青岛啤酒
1383,2524,光正眼科
1384,2520,日发精机
1385,601965,中国汽研
1386,688656,浩欧博
1387,688608,恒玄科技
1388,601998,中信银行
1389,603991,至正股份
1390,300525,博思软件
1391,688226,威腾电气
1392,603758,秦安股份
1393,600809,山西汾酒
1394,2081,金 螳 螂
1395,2861,瀛通通讯
1396,300405,科隆股份
1397,601991,大唐发电
1398,2985,北摩高科
1399,300073,当升科技
1400,603790,雅运股份
1401,300140,中环装备
1402,688069,德林海
1403,603085,天成自控
1404,688126,沪硅产业-U
1405,2820,桂发祥
1406,300363,博腾股份
1407,300626,华瑞股份
1408,2593,日上集团
1409,603693,江苏新能
1410,601399,国机重装
1411,600705,中航产融
1412,600050,中国联通
1413,300214,日科化学
1414,603656,泰禾智能
1415,603220,中贝通信
1416,600007,中国国贸
1417,2497,雅化集团
1418,603833,欧派家居
1419,300699,光威复材
1420,609,*ST中迪
1421,603677,奇精机械
1422,590,启迪药业
1423,2249,大洋电机
1424,2580,圣阳股份
1425,402,金 融 街
1426,756,新华制药
1427,600721,*ST百花
1428,603015,弘讯科技
1429,600567,山鹰国际
1430,2074,国轩高科
1431,2346,柘中股份
1432,603186,华正新材
1433,2693,双成药业
1434,603669,灵康药业
1435,688206,概伦电子
1436,2653,海思科
1437,600216,浙江医药
1438,600388,龙净环保
1439,702,正虹科技
1440,603131,上海沪工
1441,603617,君禾股份
1442,603277,银都股份
1443,300309,吉艾科技
1444,600235,民丰特纸
1445,565,渝三峡Ａ
1446,603963,大理药业
1447,2227,奥 特 迅
1448,601988,中国银行
1449,600487,亨通光电
1450,300607,拓斯达
1451,603093,南华期货
1452,300106,西部牧业
1453,2481,双塔食品
1454,300408,三环集团
1455,600036,招商银行
1456,540,中天金融
1457,603010,万盛股份
1458,601658,邮储银行
1459,688718,唯赛勃
1460,28,国药一致
1461,2139,拓邦股份
1462,2319,乐通股份
1463,300410,正业科技
1464,301,东方盛虹
1465,410,ST沈机
1466,300457,赢合科技
1467,300620,光库科技
1468,732,泰禾集团
1469,603685,晨丰科技
1470,605228,神通科技
1471,603095,越剑智能
1472,603567,珍宝岛
1473,600737,中粮糖业
1474,600908,无锡银行
1475,600789,鲁抗医药
1476,688103,国力股份
1477,300499,高澜股份
1478,601328,交通银行
1479,603019,中科曙光
1480,3035,南网能源
1481,300273,和佳医疗
1482,300584,海辰药业
1483,300879,大叶股份
1484,603866,桃李面包
1485,600674,川投能源
1486,600025,华能水电
1487,2969,嘉美包装
1488,2462,嘉事堂
1489,2111,威海广泰
1490,2627,三峡旅游
1491,603139,康惠制药
1492,603109,神驰机电
1493,601997,贵阳银行
1494,2385,大北农
1495,2275,桂林三金
1496,601177,杭齿前进
1497,2970,锐明技术
1498,2002,鸿达兴业
1499,600064,南京高科
1500,2498,汉缆股份
1501,901,航天科技
1502,300716,国立科技
1503,834682,球冠电缆
1504,2234,民和股份
1505,688701,卓锦股份
1506,688117,圣诺生物
1507,2855,捷荣技术
1508,603098,森特股份
1509,837242,建邦科技
1510,688013,天臣医疗
1511,603236,移远通信
1512,300078,思创医惠
1513,601330,绿色动力
1514,300658,延江股份
1515,830,鲁西化工
1516,301049,超越科技
1517,2191,劲嘉股份
1518,603777,来伊份
1519,2015,协鑫能科
1520,600527,江南高纤
1521,2727,一心堂
1522,949,新乡化纤
1523,600269,赣粤高速
1524,300160,秀强股份
1525,603556,海兴电力
1526,600998,九州通
1527,600926,杭州银行
1528,688586,江航装备
1529,300889,爱克股份
1530,300444,双杰电气
1531,2938,鹏鼎控股
1532,600657,信达地产
1533,300563,神宇股份
1534,707,*ST双环
1535,878,云南铜业
1536,603878,武进不锈
1537,2553,南方轴承
1538,300092,科新机电
1539,300617,安靠智电
1540,834599,同力股份
1541,2510,天汽模
1542,2737,葵花药业
1543,603605,珀莱雅
1544,603083,剑桥科技
1545,2262,恩华药业
1546,688339,亿华通-U
1547,2972,科安达
1548,688333,铂力特
1549,688551,科威尔
1550,688211,中科微至
1551,601880,辽港股份
1552,2076,ST雪莱
1553,300689,澄天伟业
1554,300429,强力新材
1555,600692,亚通股份
1556,601616,广电电气
1557,1,平安银行
1558,2078,太阳纸业
1559,2831,裕同科技
1560,688363,华熙生物
1561,300434,金石亚药
1562,798,中水渔业
1563,600722,金牛化工
1564,603828,柯利达
1565,2566,益盛药业
1566,300821,东岳硅材
1567,603221,爱丽家居
1568,600572,康恩贝
1569,300350,华鹏飞
1570,952,广济药业
1571,600744,华银电力
1572,688314,康拓医疗
1573,601500,通用股份
1574,300438,鹏辉能源
1575,300373,扬杰科技
1576,2254,泰和新材
1577,2595,豪迈科技
1578,688138,清溢光电
1579,688981,中芯国际
1580,2501,*ST利源
1581,300797,钢研纳克
1582,2345,潮宏基
1583,567,海德股份
1584,300979,华利集团
1585,688220,翱捷科技-U
1586,688021,奥福环保
1587,600919,江苏银行
1588,600079,人福医药
1589,2211,宏达新材
1590,538,云南白药
1591,600309,万华化学
1592,688178,万德斯
1593,600299,安迪苏
1594,603739,蔚蓝生物
1595,603788,宁波高发
1596,603813,原尚股份
1597,300046,台基股份
1598,301166,优宁维
1599,600153,建发股份
1600,300262,巴安水务
1601,600661,昂立教育
1602,601368,绿城水务
1603,688628,优利德
1604,650,仁和药业
1605,600887,伊利股份
1606,605222,起帆电缆
1607,300570,太辰光
1608,600993,马应龙
1609,300367,ST网力
1610,1696,宗申动力
1611,603538,美诺华
1612,2204,大连重工
1613,300760,迈瑞医疗
1614,600817,宇通重工
1615,300697,电工合金
1616,300227,光韵达
1617,1207,联科科技
1618,300423,昇辉科技
1619,600167,联美控股
1620,2255,海陆重工
1621,300215,电科院
1622,153,丰原药业
1623,2852,道道全
1624,300705,九典制药
1625,600488,天药股份
1626,831832,科达自控
1627,600282,南钢股份
1628,603116,红蜻蜓
1629,2496,ST辉丰
1630,300790,宇瞳光学
1631,688009,中国通号
1632,1209,洪兴股份
1633,300725,药石科技
1634,603279,景津装备
1635,301168,通灵股份
1636,2783,凯龙股份
1637,600448,华纺股份
1638,605566,福莱蒽特
1639,603228,景旺电子
1640,600873,梅花生物
1641,300947,德必集团
1642,544,中原环保
1643,600508,上海能源
1644,2958,青农商行
1645,2519,银河电子
1646,2675,东诚药业
1647,570,苏常柴Ａ
1648,605123,派克新材
1649,688659,元琛科技
1650,887,中鼎股份
1651,2672,东江环保
1652,603233,大参林
1653,300099,精准信息
1654,600560,金自天正
1655,2623,亚玛顿
1656,600758,辽宁能源
1657,688687,凯因科技
1658,600062,华润双鹤
1659,603901,永创智能
1660,2415,海康威视
1661,601766,中国中车
1662,300301,长方集团
1663,2006,精功科技
1664,300654,世纪天鸿
1665,2740,爱迪尔
1666,2546,新联电子
1667,603358,华达科技
1668,603055,台华新材
1669,688089,嘉必优
1670,603900,莱绅通灵
1671,2440,闰土股份
1672,300867,圣元环保
1673,408,藏格矿业
1674,603700,宁水集团
1675,988,华工科技
1676,600664,哈药股份
1677,300158,振东制药
1678,831768,拾比佰
1679,603133,碳元科技
1680,600509,天富能源
1681,88,盐 田 港
1682,600905,三峡能源
1683,300606,金太阳
1684,600624,复旦复华
1685,600497,驰宏锌锗
1686,2156,通富微电
1687,758,中色股份
1688,2559,亚威股份
1689,300700,岱勒新材
1690,600455,博通股份
1691,603808,歌力思
1692,603956,威派格
1693,2913,奥士康
1694,2948,青岛银行
1695,2729,好利科技
1696,603678,火炬电子
1697,300496,中科创达
1698,601607,上海医药
1699,603949,雪龙集团
1700,600082,海泰发展
1701,899,赣能股份
1702,600703,三安光电
1703,600241,ST时万
1704,14,沙河股份
1705,603320,迪贝电气
1706,2467,二六三
1707,600015,华夏银行
1708,688028,沃尔德
1709,600901,江苏租赁
1710,2888,惠威科技
1711,603336,宏辉果蔬
1712,603667,五洲新春
1713,603633,徕木股份
1714,300263,隆华科技
1715,300040,九洲集团
1716,301096,百诚医药
1717,300238,冠昊生物
1718,605277,新亚电子
1719,300638,广和通
1720,600750,江中药业
1721,600642,申能股份
1722,300498,温氏股份
1723,601908,京运通
1724,2988,豪美新材
1725,600398,海澜之家
1726,600667,太极实业
1727,429,粤高速Ａ
1728,839167,同享科技
1729,300757,罗博特科
1730,688598,金博股份
1731,600983,惠而浦
1732,838275,驱动力
1733,603033,三维股份
1734,300723,一品红
1735,801,四川九洲
1736,2205,国统股份
1737,600969,郴电国际
1738,600420,国药现代
1739,2100,天康生物
1740,603696,安记食品
1741,2983,芯瑞达
1742,2809,红墙股份
1743,601928,凤凰传媒
1744,2337,赛象科技
1745,2937,兴瑞科技
1746,2560,通达股份
1747,300376,易事特
1748,300346,南大光电
1749,300267,尔康制药
1750,301023,江南奕帆
1751,600350,山东高速
1752,300800,力合科技
1753,601577,长沙银行
1754,600578,京能电力
1755,404,长虹华意
1756,688528,秦川物联
1757,688236,春立医疗
1758,600438,通威股份
1759,950,重药控股
1760,2311,海大集团
1761,601777,力帆科技
1762,600222,太龙药业
1763,603826,坤彩科技
1764,601222,林洋能源
1765,300349,金卡智能
1766,586,汇源通信
1767,2807,江阴银行
1768,603926,铁流股份
1769,705,浙江震元
1770,833819,颖泰生物
1771,601975,招商南油
1772,600653,申华控股
1773,2823,凯中精密
1774,601568,北元集团
1775,605177,东亚药业
1776,600587,新华医疗
1777,600008,首创环保
1778,2067,景兴纸业
1779,688092,爱科科技
1780,300370,ST安控
1781,2406,远东传动
1782,600389,江山股份
1783,886,海南高速
1784,688560,明冠新材
1785,600874,创业环保
1786,300144,宋城演艺
1787,600380,健康元
1788,688060,云涌科技
1789,300604,长川科技
1790,301045,天禄科技
1791,600821,金开新能
1792,300698,万马科技
1793,600498,烽火通信
1794,688095,福昕软件
1795,300126,锐奇股份
1796,2333,罗普斯金
1797,698,沈阳化工
1798,603195,公牛集团
1799,600032,浙江新能
1800,2652,扬子新材
1801,2094,青岛金王
1802,300982,苏文电能
1803,2591,恒大高新
1804,300460,惠伦晶体
1805,2036,联创电子
1806,688386,泛亚微透
1807,688510,航亚科技
1808,2916,深南电路
1809,2122,ST天马
1810,301040,中环海陆
1811,603286,日盈电子
1812,862,银星能源
1813,537,广宇发展
1814,600360,华微电子
1815,600278,东方创业
1816,2830,名雕股份
1817,2142,宁波银行
1818,600693,东百集团
1819,603111,康尼机电
1820,603596,伯特利
1821,2336,人人乐
1822,688607,康众医疗
1823,300641,正丹股份
1824,688096,京源环保
1825,2376,新北洋
1826,600481,双良节能
1827,2889,东方嘉盛
1828,600741,华域汽车
1829,600792,云煤能源
1830,600403,ST大有
1831,300236,上海新阳
1832,2583,海能达
1833,976,华铁股份
1834,603551,奥普家居
1835,605089,味知香
1836,688565,力源科技
1837,919,金陵药业
1838,300644,南京聚隆
1839,688321,微芯生物
1840,2252,上海莱士
1841,600101,明星电力
1842,603729,ST龙韵
1843,601933,永辉超市
1844,603071,物产环能
1845,2,万  科Ａ
1846,688311,盟升电子
1847,2601,龙佰集团
1848,600987,航民股份
1849,688335,复洁环保
1850,2206,海 利 得
1851,2806,华锋股份
1852,836077,吉林碳谷
1853,300813,泰林生物
1854,2230,科大讯飞
1855,3023,彩虹集团
1856,2020,京新药业
1857,3030,祖名股份
1858,831961,创远仪器
1859,2818,富森美
1860,2793,罗欣药业
1861,600017,日照港
1862,301037,保立佳
1863,601601,中国太保
1864,300278,*ST华昌
1865,2538,司尔特
1866,300476,胜宏科技
1867,600704,物产中大
1868,600103,青山纸业
1869,721,西安饮食
1870,300912,凯龙高科
1871,300586,美联新材
1872,600073,上海梅林
1873,838030,德众汽车
1874,600495,晋西车轴
1875,2166,莱茵生物
1876,2361,神剑股份
1877,338,潍柴动力
1878,601319,中国人保
1879,688012,中微公司
1880,300354,东华测试
1881,600868,梅雁吉祥
1882,300868,杰美特
1883,688135,利扬芯片
1884,300611,美力科技
1885,601058,赛轮轮胎
1886,790,华神科技
1887,601919,中远海控
1888,61,农 产 品
1889,2394,联发股份
1890,300768,迪普科技
1891,600480,凌云股份
1892,2882,金龙羽
1893,600796,钱江生化
1894,300283,温州宏丰
1895,688711,宏微科技
1896,2960,青鸟消防
1897,605007,五洲特纸
1898,300095,华伍股份
1899,2527,新时达
1900,300461,田中精机
1901,301028,东亚机械
1902,603421,鼎信通讯
1903,2370,亚太药业
1904,2021,ST中捷
1905,2669,康达新材
1906,2446,盛路通信
1907,603810,丰山集团
1908,2584,西陇科学
1909,2500,山西证券
1910,2241,歌尔股份
1911,600584,长电科技
1912,688501,青达环保
1913,603588,高能环境
1914,541,佛山照明
1915,601860,紫金银行
1916,300185,通裕重工
1917,600156,华升股份
1918,880,潍柴重机
1919,603012,创力集团
1920,883,湖北能源
1921,300753,爱朋医疗
1922,600305,恒顺醋业
1923,600511,国药股份
1924,603529,爱玛科技
1925,300615,欣天科技
1926,605298,必得科技
1927,3026,中晶科技
1928,2664,长鹰信质
1929,830839,万通液压
1930,2677,浙江美大
1931,601113,ST华鼎
1932,300358,楚天科技
1933,838163,方大股份
1934,2180,纳思达
1935,600898,ST美讯
1936,601608,中信重工
1937,688425,铁建重工
1938,601216,君正集团
1939,300665,飞鹿股份
1940,600941,中国移动
1941,600365,ST通葡
1942,300062,中能电气
1943,603676,卫信康
1944,2673,西部证券
1945,600929,雪天盐业
1946,300750,宁德时代
1947,688536,思瑞浦
1948,603637,镇海股份
1949,2690,美亚光电
1950,300652,雷迪克
1951,688029,南微医学
1952,300798,锦鸡股份
1953,2745,木林森
1954,603728,鸣志电器
1955,2839,张家港行
1956,600104,上汽集团
1957,2350,北京科锐
1958,600822,上海物贸
1959,300302,同有科技
1960,2146,荣盛发展
1961,600867,通化东宝
1962,300742,越博动力
1963,962,东方钽业
1964,300308,中际旭创
1965,301041,金百泽
1966,300001,特锐德
1967,603658,安图生物
1968,688015,交控科技
1969,603823,百合花
1970,59,华锦股份
1971,2658,雪迪龙
1972,603077,和邦生物
1973,600346,恒力石化
1974,603317,天味食品
1975,2240,盛新锂能
1976,600302,标准股份
1977,600250,南纺股份
1978,600056,中国医药
1979,300838,浙江力诺
1980,417,合肥百货
1981,2273,水晶光电
1982,603136,天目湖
1983,300222,科大智能
1984,937,冀中能源
1985,2228,合兴包装
1986,2296,辉煌科技
1987,601155,新城控股
1988,600201,生物股份
1989,688393,安必平
1990,2250,联化科技
1991,603580,艾艾精工
1992,3020,立方制药
1993,300154,瑞凌股份
1994,989,九 芝 堂
1995,601727,上海电气
1996,601018,宁波港
1997,2962,五方光电
1998,605488,福莱新材
1999,688696,极米科技
2000,603928,兴业股份
2001,2608,江苏国信
2002,600475,华光环能
2003,589,贵州轮胎
2004,603217,元利科技
2005,600027,华电国际
2006,600558,大西洋
2007,2674,兴业科技
2008,300357,我武生物
2009,2276,万马股份
2010,300398,飞凯材料
2011,600997,开滦股份
2012,688700,东威科技
2013,599,青岛双星
2014,2022,科华生物
2015,600552,凯盛科技
2016,600199,金种子酒
2017,600795,国电电力
2018,301053,远信工业
2019,301180,万祥科技
2020,600162,香江控股
2021,89,深圳机场
2022,2387,维信诺
2023,301029,怡合达
2024,603730,岱美股份
2025,2266,浙富控股
2026,2079,苏州固锝
2027,300400,劲拓股份
2028,700,模塑科技
2029,2940,昂利康
2030,2436,兴森科技
2031,623,吉林敖东
2032,688359,三孚新科
2033,2956,西麦食品
2034,300597,吉大通信
2035,2703,浙江世宝
2036,926,福星股份
2037,300575,中旗股份
2038,600613,神奇制药
2039,300511,雪榕生物
2040,300289,利德曼
2041,600707,彩虹股份
2042,603950,长源东谷
2043,69,华侨城Ａ
2044,601298,青岛港
2045,600682,南京新百
2046,603856,东宏股份
2047,688566,吉贝尔
2048,600348,华阳股份
2049,600416,湘电股份
2050,603855,华荣股份
2051,688162,巨一科技
2052,2683,广东宏大
2053,600200,江苏吴中
2054,600066,宇通客车
2055,601963,重庆银行
2056,600569,安阳钢铁
2057,603456,九洲药业
2058,2055,得润电子
2059,300852,四会富仕
2060,300172,中电环保
2061,611,*ST天首
2062,430198,微创光电
2063,688055,龙腾光电
2064,600097,开创国际
2065,2372,伟星新材
2066,300885,海昌新材
2067,603508,思维列控
2068,300755,华致酒行
2069,2318,久立特材
2070,605183,确成股份
2071,2427,ST尤夫
2072,301067,显盈科技
2073,539,粤电力Ａ
2074,300743,天地数码
2075,37,深南电A
2076,301062,上海艾录
2077,600649,城投控股
2078,2099,海翔药业
2079,3017,大洋生物
2080,2991,甘源食品
2081,300200,高盟新材
2082,300232,洲明科技
2083,600436,片仔癀
2084,600058,五矿发展
2085,600117,西宁特钢
2086,2539,云图控股
2087,603188,亚邦股份
2088,2788,鹭燕医药
2089,600415,小商品城
2090,2347,泰尔股份
2091,2360,同德化工
2092,600206,有研新材
2093,695,滨海能源
2094,617,中油资本
2095,605500,森林包装
2096,2092,中泰化学
2097,600226,ST瀚叶
2098,300009,安科生物
2099,300453,三鑫医疗
2100,301019,宁波色母
2101,300621,维业股份
2102,688127,蓝特光学
2103,2901,大博医疗
2104,2836,新宏泽
2105,688360,德马科技
2106,834765,美之高
2107,600428,中远海特
2108,300281,金明精机
2109,600810,神马股份
2110,300625,三雄极光
2111,600518,*ST康美
2112,301075,多瑞医药
2113,2650,加加食品
2114,2423,中粮资本
2115,2326,永太科技
2116,2968,新大正
2117,300456,赛微电子
2118,300683,海特生物
2119,688007,光峰科技
2120,605179,一鸣食品
2121,600325,华发股份
2122,2536,飞龙股份
2123,688466,金科环境
2124,2488,金固股份
2125,605118,力鼎光电
2126,600227,圣济堂
2127,833,粤桂股份
2128,603328,依顿电子
2129,2871,伟隆股份
2130,2859,洁美科技
2131,600713,南京医药
2132,300066,三川智慧
2133,2202,金风科技
2134,600532,未来股份
2135,688779,长远锂科
2136,600281,华阳新材
2137,600690,海尔智家
2138,2792,通宇通讯
2139,600989,宝丰能源
2140,603899,晨光文具
2141,832000,安徽凤凰
2142,603025,大豪科技
2143,300747,锐科激光
2144,300515,三德科技
2145,603108,润达医疗
2146,2458,益生股份
2147,3011,海象新材
2148,601390,中国中铁
2149,300194,福安药业
2150,688230,芯导科技
2151,2780,三夫户外
2152,600218,全柴动力
2153,603989,艾华集团
2154,600107,美尔雅
2155,688488,艾迪药业
2156,601228,广州港
2157,2399,海普瑞
2158,21,深科技
2159,605389,长龄液压
2160,413,东旭光电
2161,39,中集集团
2162,603629,利通电子
2163,600526,菲达环保
2164,603006,联明股份
2165,300806,斯迪克
2166,2080,中材科技
2167,300990,同飞股份
2168,2691,冀凯股份
2169,601163,三角轮胎
2170,688553,汇宇制药-W
2171,300940,南极光
2172,600266,城建发展
2173,300091,金通灵
2174,2452,长高集团
2175,573,粤宏远Ａ
2176,688357,建龙微纳
2177,600168,武汉控股
2178,603980,吉华集团
2179,688129,东来技术
2180,2449,国星光电
2181,411,英特集团
2182,300120,经纬辉开
2183,601992,金隅集团
2184,688681,科汇股份
2185,666,经纬纺机
2186,688777,中控技术
2187,600846,同济科技
2188,802,ST北文
2189,603586,金麒麟
2190,688633,星球石墨
2191,915,华特达因
2192,600826,兰生股份
2193,688022,瀚川智能
2194,2014,永新股份
2195,813,德展健康
2196,603283,赛腾股份
2197,600370,三房巷
2198,592,平潭发展
2199,300103,达刚控股
2200,605056,咸亨国际
2201,600889,南京化纤
2202,3000,劲仔食品
2203,563,陕国投Ａ
2204,300240,飞力达
2205,300955,嘉亨家化
2206,605020,永和股份
2207,603068,博通集成
2208,601718,际华集团
2209,2892,科力尔
2210,600272,开开实业
2211,603040,新坐标
2212,300024,机器人
2213,603289,泰瑞机器
2214,601336,新华保险
2215,831370,新安洁
2216,300989,蕾奥规划
2217,828,东莞控股
2218,603915,国茂股份
2219,603309,维力医疗
2220,300547,川环科技
2221,300976,达瑞电子
2222,3036,泰坦股份
2223,600020,中原高速
2224,600643,爱建集团
2225,600550,保变电气
2226,2480,新筑股份
2227,2544,杰赛科技
2228,600,建投能源
2229,688379,华光新材
2230,603156,养元饮品
2231,300549,优德精密
2232,2365,永安药业
2233,300613,富瀚微
2234,603655,朗博科技
2235,300396,迪瑞医疗
2236,600012,皖通高速
2237,543,皖能电力
2238,605399,晨光新材
2239,603799,华友钴业
2240,833427,华维设计
2241,600892,大晟文化
2242,600081,东风科技
2243,600018,上港集团
2244,300196,长海股份
2245,300006,莱美药业
2246,2390,信邦制药
2247,2001,新 和 成
2248,605338,巴比食品
2249,600176,中国巨石
2250,688526,科前生物
2251,301008,宏昌科技
2252,2185,华天科技
2253,1210,金房节能
2254,600606,绿地控股
2255,600641,万业企业
2256,603367,辰欣药业
2257,688521,芯原股份-U
2258,2773,康弘药业
2259,300859,*ST西域
2260,2586,*ST围海
2261,78,海王生物
2262,600529,山东药玻
2263,688255,凯尔达
2264,603386,广东骏亚
2265,603587,地素时尚
2266,425,徐工机械
2267,688285,高铁电气
2268,300513,恒实科技
2269,300660,江苏雷利
2270,600139,ST西源
2271,300832,新产业
2272,2380,科远智慧
2273,300230,永利股份
2274,2579,中京电子
2275,300100,双林股份
2276,605296,神农集团
2277,3025,思进智能
2278,601866,中远海发
2279,600639,浦东金桥
2280,728,国元证券
2281,29,深深房Ａ
2282,300642,透景生命
2283,603697,有友食品
2284,605050,福然德
2285,300246,宝莱特
2286,673,*ST当代
2287,50,深天马Ａ
2288,2125,湘潭电化
2289,2451,摩恩电气
2290,2407,多氟多
2291,2493,荣盛石化
2292,603515,欧普照明
2293,600121,郑州煤电
2294,601106,中国一重
2295,600794,保税科技
2296,716,黑芝麻
2297,300258,精锻科技
2298,300836,佰奥智能
2299,601966,玲珑轮胎
2300,600135,乐凯胶片
2301,300257,开山股份
2302,600193,创兴资源
2303,603009,北特科技
2304,688309,恒誉环保
2305,691,亚太实业
2306,600689,上海三毛
2307,2872,ST天圣
2308,300508,维宏股份
2309,603816,顾家家居
2310,600933,爱柯迪
2311,2706,良信股份
2312,301082,久盛电气
2313,688017,绿的谐波
2314,605588,冠石科技
2315,603037,凯众股份
2316,300506,名家汇
2317,2896,中大力德
2318,2040,南 京 港
2319,600308,华泰股份
2320,603817,海峡环保
2321,2786,银宝山新
2322,603507,振江股份
2323,300058,蓝色光标
2324,882,华联股份
2325,688618,三旺通信
2326,600169,太原重工
2327,2616,长青集团
2328,603183,建研院
2329,300637,扬帆新材
2330,2582,好想你
2331,300323,华灿光电
2332,2334,英威腾
2333,2416,爱施德
2334,688235,百济神州-U
2335,603738,泰晶科技
2336,2900,哈三联
2337,603838,四通股份
2338,603023,威帝股份
2339,680,山推股份
2340,688345,博力威
2341,601258,庞大集团
2342,600971,恒源煤电
2343,600673,东阳光
2344,600851,海欣股份
2345,301086,鸿富瀚
2346,300201,海伦哲
2347,601868,中国能建
2348,300543,朗科智能
2349,831305,海希通讯
2350,600780,通宝能源
2351,603992,松霖科技
2352,300441,鲍斯股份
2353,603323,苏农银行
2354,776,广发证券
2355,300473,德尔股份
2356,688210,统联精密
2357,601609,金田铜业
2358,600711,盛屯矿业
2359,300602,飞荣达
2360,600848,上海临港
2361,688090,瑞松科技
2362,600909,华安证券
2363,688625,呈和科技
2364,300244,迪安诊断
2365,300883,龙利得
2366,300379,东方通
2367,300030,阳普医疗
2368,603444,吉比特
2369,300880,迦南智能
2370,603880,南卫股份
2371,688739,成大生物
2372,835640,富士达
2373,601200,上海环境
2374,300173,福能东方
2375,2471,中超控股
2376,972,*ST中基
2377,688027,国盾量子
2378,600961,株冶集团
2379,605136,丽人丽妆
2380,600838,上海九百
2381,3008,开普检测
2382,603050,科林电气
2383,603578,三星新材
2384,300234,开尔新材
2385,300445,康斯特
2386,300403,汉宇集团
2387,600593,*ST圣亚
2388,688689,银河微电
2389,601677,明泰铝业
2390,2131,利欧股份
2391,300786,国林科技
2392,836149,旭杰科技
2393,2455,百川股份
2394,751,锌业股份
2395,2877,智能自控
2396,600196,复星医药
2397,601015,陕西黑猫
2398,688222,成都先导
2399,600259,广晟有色
2400,600644,乐山电力
2401,2184,海得控制
2402,300478,杭州高新
2403,601678,滨化股份
2404,600470,六国化工
2405,9,中国宝安
2406,605058,澳弘电子
2407,600611,大众交通
2408,2692,ST远程
2409,2981,朝阳科技
2410,688679,通源环境
2411,2561,徐家汇
2412,603709,中源家居
2413,2963,豪尔赛
2414,600116,三峡水利
2415,600776,东方通信
2416,157,中联重科
2417,688056,莱伯泰科
2418,605006,山东玻纤
2419,603327,福蓉科技
2420,2030,达安基因
2421,300975,商络电子
2422,600152,维科技术
2423,2573,清新环境
2424,605099,共创草坪
2425,688630,芯碁微装
2426,300566,激智科技
2427,688079,美迪凯
2428,1219,青岛食品
2429,603166,福达股份
2430,301056,森赫股份
2431,600273,嘉化能源
2432,616,ST海投
2433,601615,明阳智能
2434,601158,重庆水务
2435,688166,博瑞医药
2436,600530,交大昂立
2437,688613,奥精医疗
2438,600307,酒钢宏兴
2439,2926,华西证券
2440,536,华映科技
2441,600075,新疆天业
2442,603933,睿能科技
2443,301065,本立科技
2444,300618,寒锐钴业
2445,2479,富春环保
2446,2787,华源控股
2447,600767,运盛医疗
2448,688219,会通股份
2449,2293,罗莱生活
2450,301047,义翘神州
2451,603555,ST贵人
2452,300882,万胜智能
2453,2217,合力泰
2454,603516,淳中科技
2455,601827,三峰环境
2456,833873,中设咨询
2457,688655,迅捷兴
2458,2397,梦洁股份
2459,2108,沧州明珠
2460,2540,亚太科技
2461,600208,新湖中宝
2462,300145,中金环境
2463,2841,视源股份
2464,62,深圳华强
2465,300740,水羊股份
2466,300685,艾德生物
2467,971,ST高升
2468,603301,振德医疗
2469,600517,国网英大
2470,301021,英诺激光
2471,822,山东海化
2472,2518,科士达
2473,2144,宏达高科
2474,831856,浩淼科技
2475,601512,中新集团
2476,600778,友好集团
2477,3041,真爱美家
2478,571,ST大洲
2479,65,北方国际
2480,978,桂林旅游
2481,300701,森霸传感
2482,603608,天创时尚
2483,600781,ST辅仁
2484,600594,益佰制药
2485,638,*ST万方
2486,600678,四川金顶
2487,2666,德联集团
2488,603069,海汽集团
2489,3016,欣贺股份
2490,600004,白云机场
2491,688728,格科微
2492,835368,连城数控
2493,300710,万隆光电
2494,301077,星华反光
2495,603198,迎驾贡酒
2496,300558,贝达药业
2497,1208,华菱线缆
2498,688038,中科通达
2499,600362,江西铜业
2500,2158,汉钟精机
2501,2289,宇顺电子
2502,600699,均胜电子
2503,973,佛塑科技
2504,2330,得利斯
2505,600493,凤竹纺织
2506,2686,亿利达
2507,300673,佩蒂股份
2508,608,阳光股份
2509,2236,大华股份
2510,300988,津荣天宇
2511,603079,圣达生物
2512,600963,岳阳林纸
2513,300417,南华仪器
2514,600452,涪陵电力
2515,300004,南风股份
2516,603181,皇马科技
2517,600770,综艺股份
2518,2775,文科园林
2519,603639,海利尔
2520,600538,国发股份
2521,300388,节能国祯
2522,2883,中设股份
2523,600261,阳光照明
2524,300779,惠城环保
2525,605318,法狮龙
2526,600662,外服控股
2527,603360,百傲化学
2528,628,高新发展
2529,600545,卓郎智能
2530,300721,怡达股份
2531,2115,三维通信
2532,2614,奥佳华
2533,600031,三一重工
2534,301089,拓新药业
2535,603725,天安新材
2536,603306,华懋科技
2537,300802,矩子科技
2538,601318,中国平安
2539,300077,国民技术
2540,688789,宏华数科
2541,600605,汇通能源
2542,2351,漫步者
2543,300820,英杰电气
2544,2393,力生制药
2545,600835,上海机电
2546,983,山西焦煤
2547,603043,广州酒家
2548,688395,正弦电气
2549,600010,包钢股份
2550,300019,硅宝科技
2551,603212,赛伍技术
2552,750,国海证券
2553,959,首钢股份
2554,301118,恒光股份
2555,2274,华昌化工
2556,651,格力电器
2557,688578,艾力斯-U
2558,603226,菲林格尔
2559,301036,双乐股份
2560,603557,ST起步
2561,709,河钢股份
2562,601636,旗滨集团
2563,600894,广日股份
2564,581,威孚高科
2565,600252,中恒集团
2566,600089,特变电工
2567,300970,华绿生物
2568,300385,雪浪环境
2569,601555,东吴证券
2570,688227,品高股份
2571,600022,山东钢铁
2572,2430,杭氧股份
2573,2209,达 意 隆
2574,688350,富淼科技
2575,2719,麦趣尔
2576,601188,龙江交通
2577,811,冰轮环境
2578,300936,中英科技
2579,36,华联控股
2580,600999,招商证券
2581,601118,海南橡胶
2582,600790,轻纺城
2583,600595,ST中孚
2584,600268,国电南自
2585,2503,搜于特
2586,825,太钢不锈
2587,2171,楚江新材
2588,830964,润农节水
2589,890,法尔胜
2590,601231,环旭电子
2591,300239,东宝生物
2592,600157,永泰能源
2593,600736,苏州高新
2594,601990,南京证券
2595,2551,尚荣医疗
2596,3004,声迅股份
2597,300241,瑞丰光电
2598,2998,优彩资源
2599,300745,欣锐科技
2600,300886,华业香料
2601,605018,长华股份
2602,603208,江山欧派
2603,2434,万里扬
2604,605196,华通线缆
2605,605009,豪悦护理
2606,2695,煌上煌
2607,2795,永和智控
2608,3028,振邦智能
2609,300601,康泰生物
2610,2145,中核钛白
2611,600171,上海贝岭
2612,2097,山河智能
2613,601566,九牧王
2614,603389,亚振家居
2615,600356,恒丰纸业
2616,300935,盈建科
2617,2732,燕塘乳业
2618,600717,天津港
2619,601187,厦门银行
2620,601456,国联证券
2621,600352,浙江龙盛
2622,601002,晋亿实业
2623,300256,*ST星星
2624,2708,光洋股份
2625,300893,松原股份
2626,600507,方大特钢
2627,603937,丽岛新材
2628,688557,兰剑智能
2629,600323,瀚蓝环境
2630,688468,科美诊断
2631,600009,上海机场
2632,300969,恒帅股份
2633,605366,宏柏新材
2634,603929,亚翔集成
2635,601598,中国外运
2636,300110,华仁药业
2637,300983,尤安设计
2638,601000,唐山港
2639,2196,方正电机
2640,300207,欣旺达
2641,831039,国义招标
2642,601099,太平洋
2643,528,柳    工
2644,600548,深高速
2645,2495,佳隆股份
2646,300664,鹏鹞环保
2647,603005,晶方科技
2648,2222,福晶科技
2649,606,ST顺利
2650,688265,南模生物
2651,301081,严牌股份
2652,987,越秀金控
2653,300493,润欣科技
2654,2902,铭普光磁
2655,688300,联瑞新材
2656,2198,嘉应制药
2657,600133,东湖高新
2658,300643,万通智控
2659,300345,华民股份
2660,601218,吉鑫科技
2661,2569,ST步森
2662,2032,苏 泊 尔
2663,761,本钢板材
2664,548,湖南投资
2665,2535,ST林重
2666,572,海马汽车
2667,300223,北京君正
2668,300951,博硕科技
2669,603486,科沃斯
2670,603600,永艺股份
2671,1203,大中矿业
2672,601668,中国建筑
2673,601005,重庆钢铁
2674,300375,鹏翎股份
2675,996,中国中期
2676,688199,久日新材
2677,601886,江河集团
2678,835174,五新隧装
2679,2594,比亚迪
2680,600381,青海春天
2681,600626,申达股份
2682,603626,科森科技
2683,869,张  裕Ａ
2684,300286,安科瑞
2685,953,河化股份
2686,601956,东贝集团
2687,2923,润都股份
2688,603365,水星家纺
2689,600630,龙头股份
2690,300672,国科微
2691,600537,亿晶光电
2692,600433,冠豪高新
2693,603719,良品铺子
2694,2339,积成电子
2695,688181,八亿时空
2696,2620,瑞和股份
2697,600837,海通证券
2698,603016,新宏泰
2699,300729,乐歌股份
2700,300837,浙矿股份
2701,2979,雷赛智能
2702,301093,华兰股份
2703,600834,申通地铁
2704,2697,红旗连锁
2705,725,京东方Ａ
2706,688050,爱博医疗
2707,600161,天坛生物
2708,600315,上海家化
2709,2044,美年健康
2710,300146,汤臣倍健
2711,300865,大宏立
2712,603488,展鹏科技
2713,300211,亿通科技
2714,2615,哈尔斯
2715,632,三木集团
2716,3015,日久光电
2717,688165,埃夫特-U
2718,300501,海顺新材
2719,2109,兴化股份
2720,2842,翔鹭钨业
2721,2847,盐津铺子
2722,2590,万安科技
2723,300371,汇中股份
2724,300896,爱美客
2725,777,中核科技
2726,668,荣丰控股
2727,2730,电光科技
2728,605555,德昌股份
2729,601828,美凯龙
2730,300927,江天化学
2731,300069,金利华电
2732,977,浪潮信息
2733,2563,森马服饰
2734,600973,宝胜股份
2735,2418,康盛股份
2736,603001,奥康国际
2737,600496,精工钢构
2738,600198,*ST大唐
2739,600623,华谊集团
2740,2199,东晶电子
2741,300713,英可瑞
2742,603958,哈森股份
2743,601008,连云港
2744,603987,康德莱
2745,603355,莱克电气
2746,600369,西南证券
2747,903,云内动力
2748,521,长虹美菱
2749,300897,山科智能
2750,300977,深圳瑞捷
2751,2098,浔兴股份
2752,300823,建科机械
2753,600839,四川长虹
2754,300594,朗进科技
2755,2679,福建金森
2756,2290,禾盛新材
2757,600977,中国电影
2758,2357,富临运业
2759,300537,广信材料
2760,600289,ST信通
2761,2543,万和电气
2762,603683,晶华新材
2763,834415,恒拓开源
2764,830799,艾融软件
2765,520,长航凤凰
2766,2755,奥赛康
2767,401,冀东水泥
2768,605128,上海沿浦
2769,2736,国信证券
2770,600373,中文传媒
2771,600231,凌钢股份
2772,759,中百集团
2773,688336,三生国健
2774,605001,威奥股份
2775,300255,常山药业
2776,603797,联泰环保
2777,688248,南网科技
2778,603117,万林物流
2779,300826,测绘股份
2780,800,一汽解放
2781,300691,联合光电
2782,688358,祥生医疗
2783,2456,欧菲光
2784,600111,北方稀土
2785,2367,康力电梯
2786,603178,圣龙股份
2787,603660,苏州科达
2788,2398,垒知集团
2789,2776,ST柏龙
2790,727,冠捷科技
2791,601011,宝泰隆
2792,655,金岭矿业
2793,300328,宜安科技
2794,2124,天邦股份
2795,600330,天通股份
2796,2800,天顺股份
2797,603227,雪峰科技
2798,600186,莲花健康
2799,603589,口子窖
2800,2226,江南化工
2801,600109,国金证券
2802,300973,立高食品
2803,300822,贝仕达克
2804,600178,东安动力
2805,600833,第一医药
2806,300382,斯莱克
2807,2424,贵州百灵
2808,603898,好莱客
2809,603299,苏盐井神
2810,300153,科泰电源
2811,600975,新五丰
2812,300183,东软载波
2813,603256,宏和科技
2814,600506,*ST香梨
2815,688182,灿勤科技
2816,2899,英派斯
2817,600960,渤海汽车
2818,300548,博创科技
2819,688499,利元亨
2820,300653,正海生物
2821,300718,长盛轴承
2822,601567,三星医疗
2823,300668,杰恩设计
2824,2863,今飞凯达
2825,2219,*ST恒康
2826,2121,科陆电子
2827,1217,华尔泰
2828,600345,长江通信
2829,2910,庄园牧场
2830,688662,富信科技
2831,2215,诺 普 信
2832,2819,东方中科
2833,605388,均瑶健康
2834,601377,兴业证券
2835,600368,五洲交通
2836,603090,宏盛股份
2837,809,铁岭新城
2838,600390,五矿资本
2839,688025,杰普特
2840,831,五矿稀土
2841,2965,祥鑫科技
2842,301033,迈普医学
2843,1872,招商港口
2844,2134,天津普林
2845,688456,有研粉材
2846,603585,苏利股份
2847,600739,辽宁成大
2848,688585,上纬新材
2849,2585,双星新材
2850,2306,中科云网
2851,2210,飞马国际
2852,600163,中闽能源
2853,600965,福成股份
2854,300113,顺网科技
2855,2928,华夏航空
2856,300219,鸿利智汇
2857,2521,齐峰新材
2858,969,安泰科技
2859,872925,锦好医疗
2860,688286,敏芯股份
2861,871245,威博液压
2862,600579,克劳斯
2863,2866,传艺科技
2864,600742,一汽富维
2865,600828,茂业商业
2866,600051,宁波联合
2867,300834,星辉环材
2868,300151,昌红科技
2869,2846,英联股份
2870,688595,芯海科技
2871,2946,新乳业
2872,688216,气派科技
2873,2634,棒杰股份
2874,600276,恒瑞医药
2875,601628,中国人寿
2876,600748,上实发展
2877,603885,吉祥航空
2878,839729,永顺生物
2879,600592,龙溪股份
2880,600131,国网信通
2881,300789,唐源电气
2882,603356,华菱精工
2883,1218,丽臣实业
2884,921,海信家电
2885,300326,凯利泰
2886,2026,山东威达
2887,688098,申联生物
2888,603606,东方电缆
2889,603222,济民医疗
2890,300390,天华超净
2891,2840,华统股份
2892,415,渤海租赁
2893,550,江铃汽车
2894,739,普洛药业
2895,600439,瑞贝卡
2896,600221,*ST海航
2897,504,南华生物
2898,2200,ST云投
2899,300887,谱尼测试
2900,300025,华星创业
2901,603988,中电电机
2902,300680,隆盛科技
2903,605066,天正电气
2904,600284,浦东建设
2905,32,深桑达Ａ
2906,600137,浪莎股份
2907,601519,大智慧
2908,600467,好当家
2909,600468,百利电气
2910,600035,楚天高速
2911,2726,龙大美食
2912,601599,浙文影业
2913,2980,华盛昌
2914,600476,湘邮科技
2915,900,现代投资
2916,913,钱江摩托
2917,603607,京华激光
2918,3027,同兴环保
2919,3019,宸展光电
2920,300576,容大感光
2921,2950,奥美医疗
2922,601,韶能股份
2923,300937,药易购
2924,63,中兴通讯
2925,688313,仕佳光子
2926,2630,华西能源
2927,300959,线上线下
2928,2571,德力股份
2929,603159,上海亚虹
2930,2724,海洋王
2931,300669,沪宁股份
2932,598,兴蓉环境
2933,600297,广汇汽车
2934,957,中通客车
2935,688108,赛诺医疗
2936,605081,太和水
2937,688676,金盘科技
2938,300578,会畅通讯
2939,300968,格林精密
2940,688580,伟思医疗
2941,605088,冠盛股份
2942,2277,友阿股份
2943,603020,爱普股份
2944,2514,宝馨科技
2945,688577,浙海德曼
2946,885,城发环境
2947,2033,丽江股份
2948,301070,开勒股份
2949,603768,常青股份
2950,603882,金域医学
2951,600549,厦门钨业
2952,601579,会稽山
2953,735,罗 牛 山
2954,601003,柳钢股份
2955,600585,海螺水泥
2956,301055,张小泉
2957,605567,春雪食品
2958,688319,欧林生物
2959,902,新洋丰
2960,688399,硕世生物
2961,600130,波导股份
2962,300259,新天科技
2963,300776,帝尔激光
2964,300112,万讯自控
2965,300720,海川智能
2966,2225,濮耐股份
2967,300998,宁波方正
2968,603338,浙江鼎力
2969,603007,ST花王
2970,601918,新集能源
2971,688003,天准科技
2972,300807,天迈科技
2973,300119,瑞普生物
2974,600694,大商股份
2975,600727,鲁北化工
2976,600714,金瑞矿业
2977,600220,江苏阳光
2978,605336,帅丰电器
2979,300010,豆神教育
2980,2087,新野纺织
2981,300916,朗特智能
2982,300980,祥源新材
2983,2993,奥海科技
2984,688160,步科股份
2985,600478,科力远
2986,600573,惠泉啤酒
2987,603657,春光科技
2988,300905,宝丽迪
2989,2291,星期六
2990,300353,东土科技
2991,806,ST银河
2992,300169,天晟新材
2993,2335,科华数据
2994,2558,巨人网络
2995,603979,金诚信
2996,601699,潞安环能
2997,898,鞍钢股份
2998,333,美的集团
2999,300964,本川智能
3000,2327,富安娜
3001,600105,永鼎股份
3002,300890,翔丰华
3003,688418,震有科技
3004,603922,金鸿顺
3005,600191,*ST华资
3006,301042,安联锐视
3007,2164,宁波东力
3008,6,深振业Ａ
3009,2552,宝鼎科技
3010,688276,百克生物
3011,600890,*ST中房
3012,90,天健集团
3013,600854,春兰股份
3014,2687,乔治白
3015,600095,湘财股份
3016,600466,蓝光发展
3017,545,金浦钛业
3018,603601,再升科技
3019,603161,科华控股
3020,717,韶钢松山
3021,603100,川仪股份
3022,603167,渤海轮渡
3023,2739,万达电影
3024,688312,燕麦科技
3025,300406,九强生物
3026,300152,科融环境
3027,603499,翔港科技
3028,2903,宇环数控
3029,600712,南宁百货
3030,871553,凯腾精工
3031,600841,上柴股份
3032,603118,共进股份
3033,601186,中国铁建
3034,601126,四方股份
3035,2833,弘亚数控
3036,2093,国脉科技
3037,836239,长虹能源
3038,300015,爱尔眼科
3039,603757,大元泵业
3040,300787,海能实业
3041,600019,宝钢股份
3042,605168,三人行
3043,2054,德美化工
3044,300127,银河磁体
3045,2505,鹏都农牧
3046,301101,明月镜片
3047,603089,正裕工业
3048,615,奥园美谷
3049,600143,金发科技
3050,603102,百合股份
3051,300877,金春股份
3052,603648,畅联股份
3053,600858,银座股份
3054,300739,明阳电路
3055,56,皇庭国际
3056,601100,恒立液压
3057,10,美丽生态
3058,300454,深信服
3059,524,岭南控股
3060,922,佳电股份
3061,603168,莎普爱思
3062,300023,*ST宝德
3063,600461,洪城环境
3064,679,大连友谊
3065,600179,安通控股
3066,300590,移为通信
3067,603879,永悦科技
3068,600006,东风汽车
3069,688310,迈得医疗
3070,2572,索菲亚
3071,300911,亿田智能
3072,603155,新亚强
3073,2411,延安必康
3074,166,申万宏源
3075,300307,慈星股份
3076,688215,瑞晟智能
3077,2077,大港股份
3078,600877,声光电科
3079,600697,欧亚集团
3080,927,中国铁物
3081,2768,国恩股份
3082,300190,维尔利
3083,636,风华高科
3084,300318,博晖创新
3085,600277,亿利洁能
3086,605378,野马电池
3087,685,中山公用
3088,30,富奥股份
3089,2670,国盛金控
3090,600757,长江传媒
3091,2130,沃尔核材
3092,688280,精进电动-UW
3093,300116,保力新
3094,603103,横店影视
3095,2550,千红制药
3096,430,张家界
3097,2405,四维图新
3098,601086,国芳集团
3099,300290,荣科科技
3100,600565,迪马股份
3101,2085,万丰奥威
3102,600100,同方股份
3103,2253,川大智胜
3104,301000,肇民科技
3105,601665,齐鲁银行
3106,300956,英力股份
3107,2242,九阳股份
3108,300953,震裕科技
3109,603267,鸿远电子
3110,600604,市北高新
3111,2239,奥特佳
3112,603708,家家悦
3113,300128,锦富技术
3114,603298,杭叉集团
3115,2707,众信旅游
3116,300840,酷特智能
3117,531,穗恒运Ａ
3118,603999,读者传媒
3119,300978,东箭科技
3120,300107,建新股份
3121,835185,贝特瑞
3122,2298,中电兴发
3123,300939,秋田微
3124,600067,冠城大通
3125,982,中银绒业
3126,601816,京沪高铁
3127,2363,隆基机械
3128,2223,鱼跃医疗
3129,600539,狮头股份
3130,961,中南建设
3131,600827,百联股份
3132,2848,高斯贝尔
3133,300018,中元股份
3134,300401,花园生物
3135,601518,吉林高速
3136,688338,赛科希德
3137,603579,荣泰健康
3138,300466,赛摩智能
3139,870204,沪江材料
3140,2989,中天精装
3141,300695,兆丰股份
3142,2460,赣锋锂业
3143,300143,盈康生命
3144,507,珠海港
3145,600458,时代新材
3146,688101,三达膜
3147,688369,致远互联
3148,688080,映翰通
3149,2947,恒铭达
3150,2626,金达威
3151,601696,中银证券
3152,600290,ST华仪
3153,2005,ST德豪
3154,605060,联德股份
3155,871981,晶赛科技
3156,2957,科瑞技术
3157,300176,派生科技
3158,600123,兰花科创
3159,2135,东南网架
3160,2042,华孚时尚
3161,600823,世茂股份
3162,603609,禾丰股份
3163,600650,锦江在线
3164,300849,锦盛新材
3165,26,飞亚达
3166,2939,长城证券
3167,601869,长飞光纤
3168,300193,佳士科技
3169,2931,锋龙股份
3170,2678,珠江钢琴
3171,300430,诚益通
3172,300331,苏大维格
3173,601969,海南矿业
3174,600743,华远地产
3175,2600,领益智造
3176,688616,西力科技
3177,46,泛海控股
3178,300899,上海凯鑫
3179,2463,沪电股份
3180,582,北部湾港
3181,605077,华康股份
3182,600189,泉阳泉
3183,300121,阳谷华泰
3184,605288,凯迪股份
3185,600515,*ST基础
3186,2856,美芝股份
3187,601921,浙版传媒
3188,688330,宏力达
3189,871396,常辅股份
3190,600355,精伦电子
3191,2982,湘佳股份
3192,2007,华兰生物
3193,600030,中信证券
3194,430489,佳先股份
3195,300567,精测电子
3196,2154,报 喜 鸟
3197,566,海南海药
3198,600210,紫江企业
3199,2468,申通快递
3200,688107,安路科技-U
3201,601333,广深铁路
3202,300819,聚杰微纤
3203,300915,海融科技
3204,600881,亚泰集团
3205,600815,厦工股份
3206,936,华西股份
3207,603113,金能科技
3208,600320,振华重工
3209,300812,易天股份
3210,100,TCL科技
3211,688317,之江生物
3212,688198,佰仁医疗
3213,601888,中国中免
3214,300122,智飞生物
3215,2470,ST金正
3216,300420,五洋停车
3217,603663,三祥新材
3218,736,中交地产
3219,613,*ST东海A
3220,600499,科达制造
3221,300538,同益股份
3222,2618,*ST丹邦
3223,2110,三钢闽光
3224,300950,德固特
3225,836263,中航泰达
3226,835184,国源科技
3227,688183,生益电子
3228,966,长源电力
3229,300105,龙源技术
3230,3037,三和管桩
3231,603779,威龙股份
3232,600054,黄山旅游
3233,2114,罗平锌电
3234,605259,绿田机械
3235,2748,世龙实业
3236,300125,聆达股份
3237,300038,*ST数知
3238,2961,瑞达期货
3239,603976,正川股份
3240,2395,双象股份
3241,603366,日出东方
3242,501,鄂武商Ａ
3243,600733,北汽蓝谷
3244,603530,神马电力
3245,601198,东兴证券
3246,301022,海泰科
3247,300908,仲景食品
3248,300115,长盈精密
3249,600640,新国脉
3250,2141,贤丰控股
3251,603861,白云电器
3252,300933,中辰股份
3253,600215,派斯林
3254,688555,泽达易盛
3255,603021,山东华鹏
3256,688212,澳华内镜
3257,2140,东华科技
3258,300482,万孚生物
3259,778,新兴铸管
3260,603517,绝味食品
3261,2763,汇洁股份
3262,2382,蓝帆医疗
3263,603048,浙江黎明
3264,2636,金安国纪
3265,300067,安诺其
3266,2356,*ST赫美
3267,652,泰达股份
3268,2607,中公教育
3269,605098,行动教育
3270,603787,新日股份
3271,688600,皖仪科技
3272,2973,侨银股份
3273,300422,博世科
3274,600801,华新水泥
3275,605086,龙高股份
3276,601208,东材科技
3277,688776,国光电气
3278,300321,同大股份
3279,600679,上海凤凰
3280,2770,*ST科迪
3281,631,顺发恒业
3282,603390,通达电气
3283,300355,蒙草生态
3284,688139,海尔生物
3285,881,中广核技
3286,300592,华凯创意
3287,603330,上海天洋
3288,3010,若羽臣
3289,2352,顺丰控股
3290,300526,中潜股份
3291,603018,华设集团
3292,600819,耀皮玻璃
3293,300906,日月明
3294,300848,美瑞新材
3295,688658,悦康药业
3296,600223,鲁商发展
3297,99,中信海直
3298,551,创元科技
3299,605499,东鹏饮料
3300,600619,海立股份
3301,600568,ST中珠
3302,2631,德尔未来
3303,688156,路德环境
3304,688123,聚辰股份
3305,2366,台海核电
3306,688315,诺禾致源
3307,2063,远光软件
3308,45,深纺织Ａ
3309,688109,品茗股份
3310,688589,力合微
3311,2329,皇氏集团
3312,2648,卫星化学
3313,2302,西部建设
3314,300056,中创环保
3315,600551,时代出版
3316,600805,悦达投资
3317,2263,大东南
3318,601995,中金公司
3319,300220,金运激光
3320,300871,回盛生物
3321,2441,众业达
3322,300162,雷曼光电
3323,836260,中寰股份
3324,635,英 力 特
3325,300247,融捷健康
3326,688819,天能股份
3327,688100,威胜信息
3328,600361,华联综超
3329,601996,丰林集团
3330,600503,华丽家族
3331,300356,ST光一
3332,2798,帝欧家居
3333,601066,中信建投
3334,2777,久远银海
3335,603002,宏昌电子
3336,600660,福耀玻璃
3337,2408,齐翔腾达
3338,600312,平高电气
3339,600628,新世界
3340,300522,世名科技
3341,300903,科翔股份
3342,2576,通达动力
3343,677,恒天海龙
3344,3029,吉大正元
3345,300981,中红医疗
3346,720,新能泰山
3347,300791,仙乐健康
3348,603300,华铁应急
3349,300920,润阳科技
3350,2442,龙星化工
3351,603610,麒盛科技
3352,600061,国投资本
3353,2299,圣农发展
3354,603836,海程邦达
3355,2194,武汉凡谷
3356,2845,同兴达
3357,2662,京威股份
3358,600589,ST榕泰
3359,601686,友发集团
3360,600814,杭州解百
3361,910,大亚圣象
3362,300340,科恒股份
3363,600249,两面针
3364,932,华菱钢铁
3365,603959,百利科技
3366,688318,财富趋势
3367,600708,光明地产
3368,300676,华大基因
3369,2344,海宁皮城
3370,605158,华达新材
3371,600897,厦门空港
3372,688110,东芯股份
3373,2567,唐人神
3374,584,哈工智能
3375,929,兰州黄河
3376,600597,光明乳业
3377,2611,东方精工
3378,601878,浙商证券
3379,603686,福龙马
3380,757,浩物股份
3381,619,海螺型材
3382,688118,普元信息
3383,301015,百洋医药
3384,300702,天宇股份
3385,300639,凯普生物
3386,300841,康华生物
3387,300174,元力股份
3388,600686,金龙汽车
3389,600340,华夏幸福
3390,600793,宜宾纸业
3391,603126,中材节能
3392,605300,佳禾食品
3393,603528,多伦科技
3394,603661,恒林股份
3395,605133,嵘泰股份
3396,300293,蓝英装备
3397,600119,长江投资
3398,688093,世华科技
3399,300439,美康生物
3400,836,富通信息
3401,601162,天风证券
3402,2772,众兴菌业
3403,833454,同心传动
3404,600519,贵州茅台
3405,300771,智莱科技
3406,300251,光线传媒
3407,300074,华平股份
3408,3012,东鹏控股
3409,2891,中宠股份
3410,2024,苏宁易购
3411,300942,易瑞生物
3412,600970,中材国际
3413,600292,远达环保
3414,600636,国新文化
3415,610,西安旅游
3416,300986,志特新材
3417,2261,拓维信息
3418,416,民生控股
3419,810,创维数字
3420,300686,智动力
3421,2454,松芝股份
3422,560,我爱我家
3423,601611,中国核建
3424,688121,卓然股份
3425,601881,中国银河
3426,601901,方正证券
3427,2403,爱仕达
3428,625,长安汽车
3429,2681,奋达科技
3430,2224,三 力 士
3431,920,沃顿科技
3432,601211,国泰君安
3433,600528,中铁工业
3434,667,美好置业
3435,300014,亿纬锂能
3436,600393,ST粤泰
3437,300218,安利股份
3438,300050,世纪鼎利
3439,2392,北京利尔
3440,600804,鹏博士
3441,600225,*ST松江
3442,688277,天智航-U
3443,600155,华创阳安
3444,832225,利通科技
3445,55,方大集团
3446,600609,金杯汽车
3447,701,厦门信达
3448,600063,皖维高新
3449,2504,ST弘高
3450,301088,戎美股份
3451,300531,优博讯
3452,301229,C纽泰格
3453,2008,大族激光
3454,300184,力源信息
3455,601339,百隆东方
3456,600070,浙江富润
3457,876,新 希 望
3458,2068,黑猫股份
3459,600808,马钢股份
3460,601238,广汽集团
3461,2105,信隆健康
3462,600859,王府井
3463,3006,百亚股份
3464,2632,道明光学
3465,40,东旭蓝天
3466,1914,招商积余
3467,300634,彩讯股份
3468,530,冰山冷热
3469,301178,天亿马
3470,2106,莱宝高科
3471,2384,东山精密
3472,600234,科新发展
3473,603569,长久物流
3474,2909,集泰股份
3475,529,广弘控股
3476,300861,美畅股份
3477,300419,浩丰科技
3478,2486,嘉麟杰
3479,688159,有方科技
3480,688505,复旦张江
3481,601595,上海电影
3482,906,浙商中拓
3483,715,中兴商业
3484,600676,交运股份
3485,2785,万里石
3486,600665,天地源
3487,603039,泛微网络
3488,600820,隧道股份
3489,300805,电声股份
3490,603983,丸美股份
3491,600093,*ST易见
3492,783,长江证券
3493,688082,盛美上海
3494,605188,国光连锁
3495,600618,氯碱化工
3496,603321,梅轮电梯
3497,11,深物业A
3498,600310,桂东电力
3499,2011,盾安环境
3500,603612,索通发展
3501,601326,秦港股份
3502,600386,北巴传媒
3503,848,承德露露
3504,300648,星云股份
3505,600755,厦门国贸
3506,838924,广脉科技
3507,839680,广道高新
3508,1212,中旗新材
3509,2136,安 纳 达
3510,2279,久其软件
3511,600863,内蒙华电
3512,300013,新宁物流
3513,605258,协和电子
3514,300294,博雅生物
3515,601068,中铝国际
3516,300923,研奥股份
3517,300756,金马游乐
3518,688667,菱电电控
3519,688065,凯赛生物
3520,2796,世嘉科技
3521,601688,华泰证券
3522,301087,可孚医疗
3523,600882,妙可蓝多
3524,603385,惠达卫浴
3525,601900,南方传媒
3526,2358,ST森源
3527,627,天茂集团
3528,603920,世运电路
3529,300891,惠云钛业
3530,2312,川发龙蟒
3531,300952,恒辉安防
3532,789,万年青
3533,603967,中创物流
3534,603602,纵横通信
3535,603200,上海洗霸
3536,2090,金智科技
3537,400,许继电气
3538,605178,时空科技
3539,600076,康欣新材
3540,605339,南侨食品
3541,603278,大业股份
3542,600382,*ST广珠
3543,600599,ST熊猫
3544,600616,金枫酒业
3545,600321,正源股份
3546,301196,唯科科技
3547,600059,古越龙山
3548,603903,中持股份
3549,688001,华兴源创
3550,2472,双环传动
3551,2157,正邦科技
3552,300814,中富电路
3553,301006,迈拓股份
3554,2790,瑞尔特
3555,688569,铁科轨道
3556,967,盈峰环境
3557,300931,通用电梯
3558,688366,昊海生科
3559,600738,丽尚国潮
3560,2048,宁波华翔
3561,838,财信发展
3562,2233,塔牌集团
3563,603058,永吉股份
3564,600864,哈投股份
3565,300582,英飞特
3566,300825,阿尔特
3567,600581,八一钢铁
3568,300032,金龙机电
3569,300783,三只松鼠
3570,603897,长城科技
3571,600652,*ST游久
3572,600187,国中水务
3573,605507,国邦医药
3574,2391,长青股份
3575,301199,迈赫股份
3576,2925,盈趣科技
3577,301079,邵阳液压
3578,2004,华邦健康
3579,601107,四川成渝
3580,719,中原传媒
3581,605055,迎丰股份
3582,300458,全志科技
3583,300137,先河环保
3584,600870,*ST厦华
3585,600239,*ST云城
3586,688289,圣湘生物
3587,2216,三全食品
3588,688288,鸿泉物联
3589,600570,恒生电子
3590,688398,赛特新材
3591,2851,麦格米特
3592,688517,金冠电气
3593,603060,国检集团
3594,2912,中新赛克
3595,605198,德利股份
3596,2029,七 匹 狼
3597,2633,申科股份
3598,300884,狄耐克
3599,600516,方大炭素
3600,603333,尚纬股份
3601,600995,文山电力
3602,688575,亚辉龙
3603,600195,中牧股份
3604,300770,新媒股份
3605,603038,华立股份
3606,301039,中集车辆
3607,603938,三孚股份
3608,837092,汉鑫科技
3609,301066,万事利
3610,600580,卧龙电驱
3611,2169,智光电气
3612,600173,卧龙地产
3613,601801,皖新传媒
3614,300507,苏奥传感
3615,70,特发信息
3616,657,中钨高新
3617,2853,皮阿诺
3618,2445,中南文化
3619,2247,聚力文化
3620,688155,先惠技术
3621,422,湖北宜化
3622,1202,炬申股份
3623,656,金科股份
3624,603890,春秋电子
3625,1965,招商公路
3626,2052,ST同洲
3627,688383,新益昌
3628,600782,新钢股份
3629,2368,太极股份
3630,603711,香飘飘
3631,2229,鸿博股份
3632,600400,红豆股份
3633,2774,快意电梯
3634,2410,广联达
3635,2789,建艺集团
3636,601700,风范股份
3637,600637,东方明珠
3638,600279,重庆港
3639,600060,海信视像
3640,2660,茂硕电源
3641,603239,浙江仙通
3642,600710,苏美达
3643,300532,今天国际
3644,23,深天地Ａ
3645,300749,顶固集创
3646,600720,祁连山
3647,688112,鼎阳科技
3648,2388,新亚制程
3649,300599,雄塑科技
3650,600802,福建水泥
3651,600291,*ST西水
3652,532,华金资本
3653,2447,*ST晨鑫
3654,301013,利和兴
3655,603687,大胜达
3656,600425,青松建化
3657,688519,南亚新材
3658,682,东方电子
3659,300571,平治信息
3660,2581,未名医药
3661,2870,香山股份
3662,2328,新朋股份
3663,895,双汇发展
3664,1206,依依股份
3665,2528,英飞拓
3666,601108,财通证券
3667,2310,东方园林
3668,300824,北鼎股份
3669,300550,和仁科技
3670,600984,建设机械
3671,300706,阿石创
3672,600491,龙元建设
3673,301083,百胜智能
3674,931,中 关 村
3675,301059,金三江
3676,603339,四方科技
3677,600166,福田汽车
3678,300384,三联虹普
3679,603008,喜临门
3680,601226,华电重工
3681,600126,杭钢股份
3682,603680,今创集团
3683,951,中国重汽
3684,2570,贝因美
3685,603518,锦泓集团
3686,2491,通鼎互联
3687,603013,亚普股份
3688,603383,顶点软件
3689,603699,纽威股份
3690,2035,华帝股份
3691,301010,晶雪节能
3692,300467,迅游科技
3693,300268,佳沃食品
3694,600861,北京城乡
3695,2638,勤上股份
3696,2095,生 意 宝
3697,600057,厦门象屿
3698,2562,兄弟科技
3699,603199,九华旅游
3700,605005,合兴股份
3701,990,诚志股份
3702,603180,金牌厨柜
3703,688033,天宜上佳
3704,301190,善水科技
3705,839,中信国安
3706,603611,诺力股份
3707,300715,凯伦股份
3708,837344,三元基因
3709,300477,合纵科技
3710,600326,西藏天路
3711,300440,运达科技
3712,300856,科思股份
3713,300495,*ST美尚
3714,2091,江苏国泰
3715,603766,隆鑫通用
3716,718,苏宁环球
3717,601311,骆驼股份
3718,300850,新强联
3719,671,阳 光 城
3720,300464,星徽股份
3721,301185,鸥玛软件
3722,300857,协创数据
3723,600319,*ST亚星
3724,603583,捷昌驱动
3725,600322,天房发展
3726,300097,智云股份
3727,300827,上能电气
3728,600477,杭萧钢构
3729,2482,广田集团
3730,688377,迪威尔
3731,2967,广电计量
3732,688663,新风光
3733,600132,重庆啤酒
3734,300831,派瑞股份
3735,858,五 粮 液
3736,2147,*ST新光
3737,2588,史丹利
3738,300738,奥飞数据
3739,603225,新凤鸣
3740,603931,格林达
3741,600185,格力地产
3742,300280,紫天科技
3743,600353,旭光电子
3744,600523,贵航股份
3745,301011,华立科技
3746,600463,空港股份
3747,605287,德才股份
3748,301016,雷尔伟
3749,1317,三羊马
3750,603268,松发股份
3751,2271,东方雨虹
3752,835508,殷图网联
3753,688329,艾隆科技
3754,300337,银邦股份
3755,300178,*ST腾邦
3756,300150,世纪瑞尔
3757,2694,顾地科技
3758,2676,顺威股份
3759,2613,北玻股份
3760,2193,如意集团
3761,2058,*ST威尔
3762,2362,汉王科技
3763,600775,南京熊猫
3764,301072,中捷精工
3765,692,惠天热电
3766,605218,伟时电子
3767,300063,天龙集团
3768,300929,华骐环保
3769,2766,*ST索菱
3770,301179,泽宇智能
3771,605033,美邦股份
3772,300994,久祺股份
3773,300012,华测检测
3774,601360,三六零
3775,2373,千方科技
3776,600610,中毅达
3777,516,ST国医
3778,918,嘉凯城
3779,301117,佳缘科技
3780,300674,宇信科技
3781,3033,征和工业
3782,301043,绿岛风
3783,688626,翔宇医疗
3784,300315,掌趣科技
3785,600559,老白干酒
3786,603603,博天环境
3787,300057,万顺新材
3788,603337,杰克股份
3789,300569,天能重工
3790,2547,春兴精工
3791,2862,实丰文化
3792,2635,安洁科技
3793,300650,太龙股份
3794,600620,天宸股份
3795,600751,海航科技
3796,2713,东易日盛
3797,300782,卓胜微
3798,300656,民德电子
3799,785,居然之家
3800,300881,盛德鑫泰
3801,605151,西上海
3802,300433,蓝思科技
3803,300070,碧水源
3804,603219,富佳股份
3805,300475,香农芯创
3806,600128,弘业股份
3807,688323,瑞华泰
3808,938,紫光股份
3809,601949,中国出版
3810,603630,拉芳家化
3811,2753,永东股份
3812,68,华控赛格
3813,688258,卓易信息
3814,600883,博闻科技
3815,603216,梦天家居
3816,600138,中青旅
3817,300155,安居宝
3818,2461,珠江啤酒
3819,955,欣龙控股
3820,2531,天顺风能
3821,688161,威高骨科
3822,300608,思特奇
3823,2286,保龄宝
3824,300991,创益通
3825,600812,华北制药
3826,300655,晶瑞电材
3827,300536,农尚环境
3828,2494,华斯股份
3829,2420,毅昌科技
3830,300552,万集科技
3831,600088,中视传媒
3832,300657,弘信电子
3833,600730,中国高科
3834,821,京山轻机
3835,300687,赛意信息
3836,603196,日播时尚
3837,797,中国武夷
3838,25,特  力Ａ
3839,603087,甘李药业
3840,605155,西大门
3841,300072,三聚环保
3842,42,中洲控股
3843,688787,海天瑞声
3844,2945,华林证券
3845,681,视觉中国
3846,603536,惠发食品
3847,603489,八方股份
3848,2886,沃特股份
3849,300577,开润股份
3850,836720,吉冈精密
3851,600603,广汇物流
3852,600647,同达创业
3853,603324,盛剑环境
3854,2281,光迅科技
3855,603303,得邦照明
3856,552,靖远煤电
3857,301057,汇隆新材
3858,300304,云意电气
3859,2341,新纶新材
3860,2705,新宝股份
3861,688668,鼎通科技
3862,2027,分众传媒
3863,600918,中泰证券
3864,603506,南都物业
3865,603466,风语筑
3866,688202,美迪西
3867,603889,新澳股份
3868,601010,文峰股份
3869,688085,三友医疗
3870,2073,软控股份
3871,2824,和胜股份
3872,300999,金龙鱼
3873,300816,艾可蓝
3874,600843,上工申贝
3875,300562,乐心医疗
3876,688567,孚能科技
3877,605369,拱东医疗
3878,603809,豪能股份
3879,603363,傲农生物
3880,600242,ST中昌
3881,2009,天奇股份
3882,5,ST星源
3883,4,国华网安
3884,2624,完美世界
3885,300481,濮阳惠成
3886,909,数源科技
3887,300418,昆仑万维
3888,603160,汇顶科技
3889,603636,南威软件
3890,600740,山西焦化
3891,2031,巨轮智能
3892,300394,天孚通信
3893,603042,华脉科技
3894,2181,粤 传 媒
3895,300616,尚品宅配
3896,868,安凯客车
3897,600525,长园集团
3898,600608,ST沪科
3899,600094,大名城
3900,564,*ST大集
3901,300297,蓝盾股份
3902,300242,佳云科技
3903,2186,全 聚 德
3904,600785,新华百货
3905,2303,美盈森
3906,2702,海欣食品
3907,300623,捷捷微电
3908,688778,厦钨新能
3909,301002,崧盛股份
3910,300365,恒华科技
3911,300992,泰福泵业
3912,688083,中望软件
3913,600622,光大嘉宝
3914,601528,瑞丰银行
3915,300076,GQY视讯
3916,300703,创源股份
3917,600522,中天科技
3918,601618,中国中冶
3919,2929,润建股份
3920,2801,微光股份
3921,850,华茂股份
3922,823,超声电子
3923,301090,华润材料
3924,603848,好太太
3925,300961,深水海纳
3926,603086,先达股份
3927,300793,佳禾智能
3928,2396,星网锐捷
3929,2437,誉衡药业
3930,600787,中储股份
3931,877,天山股份
3932,2066,瑞泰科技
3933,300027,华谊兄弟
3934,1288,运机集团
3935,300512,中亚股份
3936,688167,炬光科技
3937,2915,中欣氟材
3938,729,燕京啤酒
3939,2782,可立克
3940,2797,第一创业
3941,600110,诺德股份
3942,300932,三友联众
3943,2640,*ST跨境
3944,301018,申菱环境
3945,603115,海星股份
3946,300416,苏试试验
3947,605069,正和生态
3948,300869,康泰医学
3949,603871,嘉友国际
3950,300011,鼎汉技术
3951,58,深 赛 格
3952,301069,凯盛新材
3953,300017,网宿科技
3954,2321,*ST华英
3955,600906,财达证券
3956,2401,中远海科
3957,300389,艾比森
3958,300736,百邦科技
3959,600621,华鑫股份
3960,300428,立中集团
3961,600114,东睦股份
3962,300197,节能铁汉
3963,603776,永安行
3964,300635,中达安
3965,603505,金石资源
3966,300277,海联讯
3967,300203,聚光科技
3968,688057,金达莱
3969,514,渝 开 发
3970,2515,金字火腿
3971,300421,力星股份
3972,2435,长江健康
3973,2355,兴民智通
3974,300082,奥克股份
3975,300622,博士眼镜
3976,300555,路通视信
3977,601788,光大证券
3978,300843,胜蓝股份
3979,603099,长白山
3980,2305,南国置业
3981,300712,永福股份
3982,300925,法本信息
3983,2596,海南瑞泽
3984,600203,福日电子
3985,300387,富邦股份
3986,688020,方邦股份
3987,2208,合肥城建
3988,2622,融钰集团
3989,603192,汇得科技
3990,600230,沧州大化
3991,601811,新华文轩
3992,603189,网达软件
3993,300360,炬华科技
3994,430510,丰光精密
3995,2168,惠程科技
3996,603319,湘油泵
3997,603229,奥翔药业
3998,603187,海容冷链
3999,605268,王力安防
4000,688177,百奥泰-U
4001,2875,安奈儿
4002,2064,华峰化学
4003,2331,皖通科技
4004,300708,聚灿光电
4005,601515,东风股份
4006,300303,聚飞光电
4007,2508,老板电器
4008,301189,奥尼电子
4009,601588,北辰实业
4010,600149,廊坊发展
4011,300564,筑博设计
4012,2285,世联行
4013,603369,今世缘
4014,2301,齐心集团
4015,2609,捷顺科技
4016,688793,倍轻松
4017,686,东北证券
4018,600410,华胜天成
4019,16,深康佳Ａ
4020,600071,凤凰光学
4021,603331,百达精工
4022,605365,立达信
4023,2315,焦点科技
4024,603329,上海雅仕
4025,300198,纳川股份
4026,600295,鄂尔多斯
4027,300029,*ST天龙
4028,601369,陕鼓动力
4029,301211,亨迪药业
4030,300972,万辰生物
4031,688256,寒武纪-U
4032,2952,亚世光电
4033,600753,东方银星
4034,300587,天铁股份
4035,600418,江淮汽车
4036,688208,道通科技
4037,600586,金晶科技
4038,300392,腾信股份
4039,300359,全通教育
4040,601279,英利汽车
4041,603511,爱慕股份
4042,2865,钧达股份
4043,600265,*ST景谷
4044,301009,可靠股份
4045,2522,浙江众成
4046,2269,美邦服饰
4047,300962,中金辐照
4048,300907,康平科技
4049,600033,福建高速
4050,2320,海峡股份
4051,2612,朗姿股份
4052,2173,创新医疗
4053,600328,中盐化工
4054,2565,顺灏股份
4055,600408,ST安泰
4056,600275,*ST昌鱼
4057,300997,欢乐家
4058,688518,联赢激光
4059,300051,ST三五
4060,708,中信特钢
4061,688168,安博通
4062,2159,三特索道
4063,2663,普邦股份
4064,300614,百川畅银
4065,2723,金莱特
4066,2869,金溢科技
4067,517,荣安地产
4068,688266,泽璟制药-U
4069,300917,特发服务
4070,600845,宝信软件
4071,498,山东路桥
4072,601101,昊华能源
4073,688561,奇安信-U
4074,600197,伊力特
4075,603230,内蒙新华
4076,559,万向钱潮
4077,300860,锋尚文化
4078,300463,迈克生物
4079,600724,宁波富达
4080,300560,中富通
4081,300195,长荣股份
4082,600293,三峡新材
4083,2010,传化智联
4084,603919,金徽酒
4085,601717,郑煤机
4086,672,上峰水泥
4087,2324,普利特
4088,600816,ST安信
4089,600397,安源煤业
4090,600336,澳柯玛
4091,300055,万邦达
4092,66,中国长城
4093,301026,浩通科技
4094,301133,金钟股份
4095,603026,石大胜华
4096,603359,东珠生态
4097,603158,腾龙股份
4098,2599,盛通股份
4099,605108,同庆楼
4100,300529,健帆生物
4101,2300,太阳电缆
4102,2743,富煌钢构
4103,603429,集友股份
4104,2201,正威新材
4105,300684,中石科技
4106,2304,洋河股份
4107,300188,美亚柏科
4108,300310,宜通世纪
4109,2959,小熊电器
4110,2722,金轮股份
4111,300788,中信出版
4112,300785,值得买
4113,688601,力芯微
4114,300132,青松股份
4115,688316,青云科技-U
4116,688609,九联科技
4117,2734,利民股份
4118,2113,ST天润
4119,2187,广百股份
4120,300202,*ST 聚龙
4121,300094,国联水产
4122,603088,宁波精达
4123,600774,汉商集团
4124,688051,佳华科技
4125,600125,铁龙物流
4126,600462,ST九有
4127,601968,宝钢包装
4128,300918,南山智尚
4129,300269,ST联建
4130,820,*ST节能
4131,2051,中工国际
4132,603081,大丰实业
4133,300863,卡倍亿
4134,603996,*ST中新
4135,300870,欧陆通
4136,2431,棕榈股份
4137,863,三湘印象
4138,600872,中炬高新
4139,2212,天融信
4140,795,英洛华
4141,300005,探路者
4142,300926,博俊科技
4143,688088,虹软科技
4144,688201,信安世纪
4145,832145,恒合股份
4146,603096,新经典
4147,300320,海达股份
4148,596,古井贡酒
4149,2738,中矿资源
4150,688365,光云科技
4151,605167,利柏特
4152,300206,理邦仪器
4153,688234,天岳先进-U
4154,603666,亿嘉和
4155,603773,沃格光电
4156,603789,星光农机
4157,600077,宋都股份
4158,605305,中际联合
4159,688606,奥泰生物
4160,301017,漱玉平民
4161,600825,新华传媒
4162,1215,千味央厨
4163,300299,富春股份
4164,688669,聚石化学
4165,839946,华阳变速
4166,835305,云创数据
4167,2887,绿茵生态
4168,3039,顺控发展
4169,600981,汇鸿集团
4170,300876,蒙泰高新
4171,600728,佳都科技
4172,300324,旋极信息
4173,300864,南大环境
4174,603819,神力股份
4175,300368,汇金股份
4176,603377,东方时尚
4177,2898,赛隆药业
4178,603927,中科软
4179,605255,天普股份
4180,301149,隆华新材
4181,301032,新柴股份
4182,300533,冰川网络
4183,2314,南山控股
4184,600399,抚顺特钢
4185,605337,李子园
4186,600536,中国软件
4187,600543,莫高股份
4188,600260,ST凯乐
4189,300237,美晨生态
4190,688233,神工股份
4191,786,北新建材
4192,2655,共达电声
4193,300298,三诺生物
4194,300253,卫宁健康
4195,2161,远 望 谷
4196,2466,天齐锂业
4197,600300,ST维维
4198,300336,新文化
4199,832278,鹿得医疗
4200,300892,品渥食品
4201,601236,红塔证券
4202,2750,龙津药业
4203,300603,立昂技术
4204,605189,富春染织
4205,600271,航天信息
4206,905,厦门港务
4207,688185,康希诺-U
4208,603110,东方材料
4209,688261,东微半导
4210,300598,诚迈科技
4211,300993,玉马遮阳
4212,688529,豪森股份
4213,603533,掌阅科技
4214,688767,博拓生物
4215,688298,东方生物
4216,600228,返利科技
4217,2587,奥拓电子
4218,2769,普路通
4219,600502,安徽建工
4220,600170,上海建工
4221,2251,步 步 高
4222,300901,中胤时尚
4223,2086,ST东洋
4224,300815,玉禾田
4225,688128,中国电研
4226,2932,明德生物
4227,300131,英唐智控
4228,2918,蒙娜丽莎
4229,2342,巨力索具
4230,300296,利亚德
4231,688772,珠海冠宇
4232,300383,光环新网
4233,3013,地铁设计
4234,603345,安井食品
4235,600280,中央商场
4236,605577,龙版传媒
4237,301060,兰卫医学
4238,2174,游族网络
4239,300391,康跃科技
4240,2282,博深股份
4241,301207,C华兰
4242,300448,浩云科技
4243,603615,茶花股份
4244,300096,易联众
4245,603232,格尔软件
4246,300170,汉得信息
4247,603000,人民网
4248,557,西部创业
4249,601858,中国科传
4250,301198,喜悦智行
4251,601137,博威合金
4252,600638,新黄浦
4253,150,宜华健康
4254,600180,瑞茂通
4255,8,神州高铁
4256,603258,电魂网络
4257,600052,东望时代
4258,2439,启明星辰
4259,603668,天马科技
4260,419,通程控股
4261,301182,凯旺科技
4262,2264,新 华 都
4263,300830,金现代
4264,2428,云南锗业
4265,2803,吉宏股份
4266,851,高鸿股份
4267,300781,因赛集团
4268,2053,云南能投
4269,2163,海南发展
4270,38,深大通
4271,2426,胜利精密
4272,726,鲁  泰Ａ
4273,301001,凯淳股份
4274,300213,佳讯飞鸿
4275,2183,怡 亚 通
4276,301113,雅艺科技
4277,600288,大恒科技
4278,2858,力盛赛车
4279,300530,*ST达志
4280,603313,梦百合
4281,2835,同为股份
4282,300380,安硕信息
4283,688173,希荻微-U
4284,600122,ST宏图
4285,2628,成都路桥
4286,2542,中化岩土
4287,300772,运达股份
4288,600159,大龙地产
4289,600702,舍得酒业
4290,600850,电科数字
4291,300462,华铭智能
4292,300792,壹网壹创
4293,300292,吴通控股
4294,600146,*ST环球
4295,688195,腾景科技
4296,2995,天地在线
4297,2378,章源钨业
4298,526,学大教育
4299,300295,三六五网
4300,799,酒鬼酒
4301,2760,凤形股份
4302,603888,新华网
4303,300731,科创新源
4304,600337,美克家居
4305,2641,公元股份
4306,860,顺鑫农业
4307,568,泸州老窖
4308,300089,ST文化
4309,600818,中路股份
4310,300737,科顺股份
4311,300894,火星人
4312,301100,风光股份
4313,3040,楚天龙
4314,600935,华塑股份
4315,300612,宣亚国际
4316,300996,普联软件
4317,300221,银禧科技
4318,300109,新开源
4319,300909,汇创达
4320,300677,英科医疗
4321,300334,津膜科技
4322,600651,飞乐音响
4323,605598,上海港湾
4324,300632,光莆股份
4325,2421,达实智能
4326,2646,天佑德酒
4327,2990,盛视科技
4328,509,*ST华塑
4329,2529,海源复材
4330,688063,派能科技
4331,300957,贝泰妮
4332,300854,中兰环保
4333,2123,梦网科技
4334,601633,长城汽车
4335,2905,金逸影视
4336,819,岳阳兴长
4337,300659,中孚信息
4338,300209,天泽信息
4339,603059,倍加洁
4340,626,远大控股
4341,2879,长缆科技
4342,300449,汉邦高科
4343,605003,众望布艺
4344,301048,金鹰重工
4345,888,峨眉山Ａ
4346,300502,新易盛
4347,688004,博汇科技
4348,688579,山大地纬
4349,603703,盛洋科技
4350,688621,阳光诺和
4351,2438,江苏神通
4352,300670,大烨智能
4353,688148,芳源股份
4354,600556,天下秀
4355,2047,宝鹰股份
4356,897,津滨发展
4357,688766,普冉股份
4358,300556,丝路视觉
4359,301155,海力风电
4360,300366,创意信息
4361,300585,奥联电子
4362,600896,*ST海医
4363,300967,晓鸣股份
4364,300523,辰安科技
4365,2443,金洲管道
4366,980,*ST众泰
4367,2473,*ST圣莱
4368,300287,飞利信
4369,688699,明微电子
4370,688328,深科达
4371,965,天保基建
4372,605376,博迁新材
4373,600301,*ST南化
4374,300451,创业慧康
4375,2243,力合科创
4376,688232,新点软件
4377,300168,万达信息
4378,2751,易尚展示
4379,603011,合锻智能
4380,600209,*ST罗顿
4381,49,德赛电池
4382,603477,巨星农牧
4383,2307,北新路桥
4384,2083,孚日股份
4385,525,ST红太阳
4386,2045,国光电器
4387,600666,ST瑞德
4388,600106,重庆路桥
4389,601116,三江购物
4390,603458,勘设股份
4391,603378,亚士创能
4392,300226,上海钢联
4393,2953,日丰股份
4394,2170,芭田股份
4395,600715,文投控股
4396,2137,实益达
4397,300180,华峰超纤
4398,300693,盛弘股份
4399,300369,绿盟科技
4400,2153,石基信息
4401,1213,中铁特货
4402,600830,香溢融通
4403,600588,用友网络
4404,688597,煜邦电力
4405,300134,大富科技
4406,601800,中国交建
4407,300044,*ST赛为
4408,301024,霍普股份
4409,301127,天源环保
4410,600303,曙光股份
4411,300271,华宇软件
4412,601156,东航物流
4413,688509,正元地信
4414,605068,明新旭腾
4415,688228,开普云
4416,600654,ST中安
4417,300339,润和软件
4418,300767,震安科技
4419,2516,旷达科技
4420,600866,星湖科技
4421,935,四川双马
4422,300279,和晶科技
4423,300036,超图软件
4424,688619,罗普特
4425,2523,天桥起重
4426,158,常山北明
4427,300505,川金诺
4428,2741,光华科技
4429,300021,大禹节水
4430,603968,醋化股份
4431,2256,兆新股份
4432,300845,捷安高科
4433,300098,高新兴
4434,603179,新泉股份
4435,300960,通业科技
4436,300662,科锐国际
4437,603960,克来机电
4438,300995,奇德新材
4439,688588,凌志软件
4440,605589,圣泉集团
4441,300225,金力泰
4442,601999,出版传媒
4443,688066,航天宏图
4444,301092,争光股份
4445,600779,水井坊
4446,2671,龙泉股份
4447,836826,盖世食品
4448,2941,新疆交建
4449,300229,拓尔思
4450,603969,银龙股份
4451,300413,芒果超媒
4452,2568,百润股份
4453,300187,永清环保
4454,2057,中钢天源
4455,2148,北纬科技
4456,688639,华恒生物
4457,300799,左江科技
4458,2172,澳洋健康
4459,2548,金新农
4460,688225,亚信安全
4461,2043,兔 宝 宝
4462,2127,南极电商
4463,2502,鼎龙文化
4464,1211,双枪科技
4465,2876,三利谱
4466,301046,能辉科技
4467,995,皇台酒业
4468,603701,德宏股份
4469,300966,共同药业
4470,300348,长亮科技
4471,600763,通策医疗
4472,2386,天原股份
4473,600869,远东股份
4474,600449,宁夏建材
4475,688111,金山办公
4476,2017,东信和平
4477,2602,世纪华通
4478,2065,东华软件
4479,753,漳州发展
4480,600927,永安期货
4481,2195,二三四五
4482,2474,榕基软件
4483,600683,京投发展
4484,300624,万兴科技
4485,2117,东港股份
4486,2192,融捷股份
4487,601375,中原证券
4488,793,华闻集团
4489,300517,海波重科
4490,1216,华瓷股份
4491,833523,德瑞锂电
4492,300136,信维通信
4493,300007,汉威科技
4494,300818,耐普矿机
4495,603416,信捷电气
4496,300088,长信科技
4497,2268,卫 士 通
4498,2245,蔚蓝锂芯
4499,300165,天瑞仪器
4500,155,川能动力
4501,300948,冠中生态
4502,300148,天舟文化
4503,710,贝瑞基因
4504,620,新华联
4505,834021,流金岁月
4506,603398,沐邦高科
4507,301119,正强股份
4508,2075,沙钢股份
4509,600718,东软集团
4510,34,神州数码
4511,300284,苏交科
4512,600255,鑫科材料
4513,870436,大地电气
4514,603030,全筑股份
4515,688677,海泰新光
4516,688068,热景生物
4517,2919,名臣健康
4518,600844,丹化科技
4519,603028,赛福天
4520,600421,华嵘控股
4521,688078,龙软科技
4522,2453,华软科技
4523,300551,古鳌科技
4524,837212,智新电子
4525,601007,金陵饭店
4526,558,莱茵体育
4527,688389,普门科技
4528,300595,欧普康视
4529,688559,海目星
4530,603716,塞力医疗
4531,796,凯撒旅业
4532,603803,瑞斯康达
4533,762,西藏矿业
4534,923,河钢资源
4535,300844,山水比德
4536,600959,江苏有线
4537,300580,贝斯特
4538,3032,传智教育
4539,600136,当代文体
4540,755,山西路桥
4541,603559,中通国脉
4542,3002,壶化股份
4543,688200,华峰测控
4544,2951,金时科技
4545,688133,泰坦科技
4546,829,天音控股
4547,300285,国瓷材料
4548,300480,光力科技
4549,300987,川网传媒
4550,688030,山石网科
4551,2457,青龙管业
4552,2292,奥飞娱乐
4553,2589,瑞康医药
4554,300766,每日互动
4555,300081,恒信东方
4556,301217,铜冠铜箔
4557,603101,汇嘉时代
4558,737,北方铜业
4559,300002,神州泰岳
4560,688368,晶丰明源
4561,600684,珠江股份
4562,300675,建科院
4563,2885,京泉华
4564,688661,和林微纳
4565,300282,三盛教育
4566,603357,设计总院
4567,603877,太平鸟
4568,603214,爱婴室
4569,832171,志晟信息
4570,603721,中广天择
4571,600773,西藏城投
4572,300192,科德教育
4573,2712,思美传媒
4574,2238,天威视讯
4575,300291,华录百纳
4576,300378,鼎捷软件
4577,2605,姚记科技
4578,688039,当虹科技
4579,600571,信雅达
4580,2647,仁东控股
4581,2717,岭南股份
4582,301030,仕净科技
4583,2487,大金重工
4584,300231,银信科技
4585,2805,丰元股份
4586,301098,金埔园林
4587,2762,金发拉比
4588,688091,上海谊众-U
4589,600158,中体产业
4590,688500,慧辰股份
4591,603867,新化股份
4592,2517,恺英网络
4593,301025,读客文化
4594,300300,海峡创新
4595,603388,元成股份
4596,300351,永贵电器
4597,300042,朗科科技
4598,301186,超达装备
4599,300520,科大国创
4600,301004,嘉益股份
4601,3001,中岩大地
4602,601127,小康股份
4603,605299,舒华体育
4604,622,恒立实业
4605,600217,中再资环
4606,300437,清水源
4607,812,陕西金叶
4608,2997,瑞鹄模具
4609,300065,海兰信
4610,2513,蓝丰生化
4611,688533,上声电子
4612,2827,高争民爆
4613,2949,华阳国际
4614,1296,长江材料
4615,2881,美格智能
4616,300774,倍杰特
4617,300469,信息发展
4618,301122,采纳股份
4619,300352,北信源
4620,300133,华策影视
4621,688798,艾为电子
4622,2133,广宇集团
4623,2343,慈文传媒
4624,2955,鸿合科技
4625,600429,三元股份
4626,605116,奥锐特
4627,2059,云南旅游
4628,603778,乾景园林
4629,603496,恒为科技
4630,603977,国泰集团
4631,2280,联络互动
4632,300678,中科信息
4633,300272,开能健康
4634,2649,博彦科技
4635,603869,新智认知
4636,428,华天酒店
4637,600658,电子城
4638,2425,凯撒文化
4639,301138,华研精机
4640,605398,新炬网络
4641,301116,益客食品
4642,600037,歌华有线
4643,300651,金陵体育
4644,688169,石头科技
4645,603759,海天股份
4646,300261,雅本化学
4647,300528,幸福蓝海
4648,301221,光庭信息
4649,300245,天玑科技
4650,600246,万通发展
4651,688590,新致软件
4652,300492,华图山鼎
4653,300329,海伦钢琴
4654,607,华媒控股
4655,688283,坤恒顺维
4656,2419,天虹股份
4657,300182,捷成股份
4658,928,中钢国际
4659,300898,熊猫乳品
4660,600238,海南椰岛
4661,605289,罗曼股份
4662,603737,三棵树
4663,2555,三七互娱
4664,603985,恒润股份
4665,600986,浙文互联
4666,300559,佳发教育
4667,300031,宝通科技
4668,300487,蓝晓科技
4669,688158,优刻得-W
4670,688246,嘉和美康
4671,925,众合科技
4672,2699,美盛文化
4673,301136,招标股份
4674,300043,星辉娱乐
4675,301052,果麦文化
4676,510,新金路
4677,301181,C标榜
4678,600338,西藏珠峰
4679,600853,龙建股份
4680,300432,富临精工
4681,603150,万朗磁塑
4682,300610,晨化股份
4683,300333,兆日科技
4684,603895,天永智能
4685,2878,元隆雅图
4686,892,欢瑞世纪
4687,600053,九鼎投资
4688,603815,交建股份
4689,300364,中文在线
4690,2757,南兴股份
4691,300085,银之杰
4692,300579,数字认证
4693,2598,山东章鼓
4694,300504,天邑股份
4695,300679,电连技术
4696,2103,广博股份
4697,603408,建霖家居
4698,300399,天利科技
4699,300494,盛天网络
4700,600716,凤凰股份
4701,2659,凯文教育
4702,2921,联诚精密
4703,156,华数传媒
4704,300872,天阳科技
4705,917,电广传媒
4706,600283,钱江水利
4707,601929,吉视传媒
4708,600512,腾达建设
4709,2657,中科金财
4710,300442,普丽盛
4711,300631,久吾高科
4712,301128,强瑞技术
4713,300949,奥雅设计
4714,300020,银江技术
4715,301167,建研设计
4716,300619,金银河
4717,2922,伊戈尔
4718,300542,新晨科技
4719,2182,云海金属
4720,603718,海利生物
4721,2908,德生科技
4722,300212,易华录
4723,605286,同力日升
4724,300130,新国都
4725,2987,京北方
4726,688171,纬德信息
4727,409,云鼎科技
4728,601669,中国电建
4729,600248,陕西建工
4730,300833,浩洋股份
4731,834475,三友科技
4732,430047,诺思兰德
4733,600576,祥源文化
4734,2176,江特电机
4735,430090,同辉信息
4736,833346,威贸电子
4737,301106,骏成科技
4738,300079,数码视讯
4739,300264,佳创视讯
4740,2654,万润科技
4741,301123,奕东电子
4742,603598,引力传媒
4743,2837,英维克
4744,676,智度股份
4745,605319,无锡振华
4746,2061,浙江交科
4747,889,中嘉博创
4748,300386,飞天诚信
4749,2235,安妮股份
4750,603825,华扬联众
4751,300288,朗玛信息
4752,2152,广电运通
4753,300895,铜牛信息
4754,300311,任子行
4755,300052,中青宝
4756,605303,园林股份
4757,2752,昇兴股份
4758,300913,兆龙互连
4759,600756,浪潮软件
4760,600992,贵绳股份
4761,300773,拉卡拉
4762,301235,华康医疗
4763,300688,创业黑马
4764,603990,麦迪科技
4765,300205,天喻信息
4766,300465,高伟达
4767,2537,海联金汇
4768,555,神州信息
4769,603171,税友股份
4770,300479,神思电子
4771,300166,东方国信
4772,301159,三维天地
4773,300039,上海凯宝
4774,300572,安车检测
4775,300663,科蓝软件
4776,2369,卓翼科技
4777,600831,广电网络
4778,2779,中坚科技
4779,2417,深南股份
4780,300306,远方信息
4781,2316,亚联发展
4782,2177,御银股份
4783,830946,森萱医药
4784,600446,金证股份
4785,301038,深水规院
4786,1267,汇绿生态
4787,2096,南岭民爆
4788,2667,鞍重股份
4789,2400,省广集团
4790,300142,沃森生物
4791,603881,数据港
4792,20,深华发Ａ
4793,600936,广西广电
4794,2813,路畅科技
4795,301012,扬电科技
4796,1234,泰慕士
4797,600735,新华锦
4798,997,新 大 陆
4799,300374,中铁装配
4800,2917,金奥博
4801,300640,德艺文创
4802,301078,孩子王
4803,600561,江西长运
4804,3005,竞业达
4805,2349,精华制药
4806,300377,赢时胜
4807,300254,仟源医药
4808,779,甘咨询
4809,600367,红星发展
4810,600444,国机通用
4811,600939,重庆建工
4812,300645,正元智慧
4813,688075,安旭生物
4814,665,湖北广电
4815,600668,尖峰集团
4816,2197,证通电子
4817,2816,和科达
4818,300468,四方精创
4819,600706,曲江文旅
4820,300459,汤姆猫
4821,300075,数字政通
4822,300248,新开普
4823,300941,创识科技
4824,601038,一拖股份
4825,600880,博瑞传播
4826,300649,杭州园林
4827,2642,荣联科技
4828,2348,高乐股份
4829,603176,汇通集团
4830,948,南天信息
4831,711,京蓝科技
4832,2530,金财互联
4833,300047,天源迪科
4834,600602,云赛智联
4835,2374,中锐股份
4836,2178,延华智能
4837,2162,悦心健康
4838,2104,恒宝股份
4839,603106,恒银科技
4840,600633,浙数文化
4841,2308,威创股份
4842,2621,美吉姆
4843,2444,巨星科技
4844,603029,天鹅股份
4845,2873,新天药业
4846,603138,海量数据
4847,603123,翠微股份
4848,600358,国旅联合
4849,2999,天禾股份
4850,2432,九安医疗
4851,2088,鲁阳节能
4852,2062,宏润建设
4853,2037,保利联合
4854,856,冀东装备
4855,2791,坚朗五金
4856,2116,中国海诚
4857,600055,万东医疗
4858,2771,真视通
4859,600783,鲁信创投
4860,603616,韩建河山
4861,603316,诚邦股份
4862,603843,正平股份
4863,603022,新通联
4864,600797,浙大网新
4865,600232,金鹰股份
4866,300061,旗天科技
4867,300921,南凌科技
4868,300344,立方数科
4869,300541,先进数通
4870,300167,迪威迅
4871,301126,达嘉维康
4872,300846,首都在线
4873,300730,科创信息
4874,301169,零点有数
4875,300958,建工修复
4876,300022,吉峰科技
4877,300902,国安达
4878,301085,亚康股份
4879,300250,初灵信息
4880,300732,设研院
4881,300086,康芝药业
4882,300605,恒锋信息
4883,300546,雄帝科技
4884,301027,华蓝集团
4885,835670,数字人
4886,301201,诚达药业
4887,300338,开元教育
4888,301228,实朴检测
4889,300199,翰宇药业
